candidate_id,case_id,model,split,generation_type,converged_binary,convergence_round,text_similarity_last,length_change_last,token_jaccard_last
23cf851_1__minimax__sample_01,23cf851_1,minimax,dev_proxy,sample,True,1,0.9742388758782201,0.018912529550827423,0.9557522123893806
23cf851_1__minimax__sample_03,23cf851_1,minimax,dev_proxy,sample,True,2,1.0,0.0,1.0
23cf851_1__minimax__sample_02,23cf851_1,minimax,dev_proxy,sample,True,1,1.0,0.0,1.0
23cf851_1__minimax__greedy,23cf851_1,minimax,dev_proxy,greedy,True,2,1.0,0.0,1.0
23cf851_1__minimax__sample_04,23cf851_1,minimax,dev_proxy,sample,True,1,0.9996955859969558,0.0006086427267194157,1.0
23cf851_1__minimax__sample_00,23cf851_1,minimax,dev_proxy,sample,True,2,0.9997259523157029,0.0005482456140350877,1.0
23cf851_1__minimax__sample_05,23cf851_1,minimax,dev_proxy,sample,True,2,0.9995848899958489,0.0008305647840531562,1.0
23cf851_1__minimax__sample_06,23cf851_1,minimax,dev_proxy,sample,True,2,1.0,0.0,1.0
23cf851_2__minimax__sample_01,23cf851_2,minimax,dev_proxy,sample,True,1,0.999628666914222,0.0007423904974016332,1.0
23cf851_2__minimax__sample_00,23cf851_2,minimax,dev_proxy,sample,True,1,0.9904424778761062,0.01929949964260186,0.9838709677419355
23cf851_1__minimax__sample_07,23cf851_1,minimax,dev_proxy,sample,True,2,1.0,0.0,1.0
23cf851_2__minimax__greedy,23cf851_2,minimax,dev_proxy,greedy,False,-1,0.9533834586466166,0.025380710659898477,0.8726114649681529
23cf851_2__minimax__sample_02,23cf851_2,minimax,dev_proxy,sample,True,2,1.0,0.0,1.0
23cf851_2__minimax__sample_04,23cf851_2,minimax,dev_proxy,sample,True,2,0.9996760609005507,0.0006480881399870382,1.0
23cf851_2__minimax__sample_06,23cf851_2,minimax,dev_proxy,sample,False,-1,0.986046511627907,0.02830188679245283,0.971830985915493
23cf851_2__minimax__sample_05,23cf851_2,minimax,dev_proxy,sample,False,-1,0.6520947176684881,0.27611940298507465,0.6375
23cf851_2__minimax__sample_03,23cf851_2,minimax,dev_proxy,sample,True,2,1.0,0.0,1.0
23cf851_2__minimax__sample_07,23cf851_2,minimax,dev_proxy,sample,True,1,1.0,0.0,1.0
23cf851_3__minimax__sample_01,23cf851_3,minimax,dev_proxy,sample,True,2,0.9958023894091056,0.008360128617363344,1.0
23cf851_3__minimax__greedy,23cf851_3,minimax,dev_proxy,greedy,False,-1,0.8217327459618209,0.08767627222562845,0.7210884353741497
23cf851_3__minimax__sample_00,23cf851_3,minimax,dev_proxy,sample,True,2,1.0,0.0,1.0
23cf851_3__minimax__sample_03,23cf851_3,minimax,dev_proxy,sample,True,2,1.0,0.0,1.0
23cf851_3__minimax__sample_04,23cf851_3,minimax,dev_proxy,sample,False,-1,0.9563567362428842,0.059743160245672805,0.9057971014492754
23cf851_3__minimax__sample_02,23cf851_3,minimax,dev_proxy,sample,True,2,1.0,0.0,1.0
23cf851_3__minimax__sample_06,23cf851_3,minimax,dev_proxy,sample,False,-1,0.9672925499697154,0.03075030750307503,0.8380281690140845
23cf851_3__minimax__sample_05,23cf851_3,minimax,dev_proxy,sample,True,2,1.0,0.0,1.0
396c5a2_3__minimax__sample_00,396c5a2_3,minimax,dev_proxy,sample,True,2,1.0,0.0,1.0
23cf851_3__minimax__sample_07,23cf851_3,minimax,dev_proxy,sample,False,-1,0.9816784869976359,0.03732691149909693,0.9457364341085271
396c5a2_3__minimax__greedy,396c5a2_3,minimax,dev_proxy,greedy,True,2,1.0,0.0,1.0
396c5a2_3__minimax__sample_02,396c5a2_3,minimax,dev_proxy,sample,True,1,0.9996760609005507,0.0006480881399870382,1.0
396c5a2_3__minimax__sample_01,396c5a2_3,minimax,dev_proxy,sample,False,-1,0.8323272971160295,0.0199203187250996,0.7278911564625851
396c5a2_3__minimax__sample_03,396c5a2_3,minimax,dev_proxy,sample,True,2,1.0,0.0,1.0
396c5a2_3__minimax__sample_04,396c5a2_3,minimax,dev_proxy,sample,False,-1,0.8869064748201438,0.04171562867215041,0.8618421052631579
396c5a2_3__minimax__sample_05,396c5a2_3,minimax,dev_proxy,sample,True,1,0.9845626072041166,0.0125,0.9716312056737588
396c5a2_3__minimax__sample_06,396c5a2_3,minimax,dev_proxy,sample,True,1,1.0,0.0,1.0
396c5a2_3__minimax__sample_07,396c5a2_3,minimax,dev_proxy,sample,True,1,1.0,0.0,1.0
3ab5b8b_3__minimax__greedy,3ab5b8b_3,minimax,dev_proxy,greedy,False,-1,0.8164979007162262,0.05896452540747843,0.7595628415300546
3ab5b8b_3__minimax__sample_00,3ab5b8b_3,minimax,dev_proxy,sample,False,-1,0.6872746007212777,0.08296296296296296,0.6439024390243903
3ab5b8b_3__minimax__sample_02,3ab5b8b_3,minimax,dev_proxy,sample,True,2,1.0,0.0,1.0
3ab5b8b_3__minimax__sample_01,3ab5b8b_3,minimax,dev_proxy,sample,True,2,1.0,0.0,1.0
3ab5b8b_3__minimax__sample_05,3ab5b8b_3,minimax,dev_proxy,sample,False,-1,0.9816348577601729,0.03741746148202495,0.9548872180451128
6bdbc26_1__minimax__greedy,6bdbc26_1,minimax,dev_proxy,greedy,True,1,0.9957698815566836,0.006791171477079796,0.981651376146789
3ab5b8b_3__minimax__sample_03,3ab5b8b_3,minimax,dev_proxy,sample,True,1,0.999137683242311,0.0017261219792865361,1.0
3ab5b8b_3__minimax__sample_04,3ab5b8b_3,minimax,dev_proxy,sample,True,2,0.9997151808601538,0.0005698005698005698,1.0
6bdbc26_1__minimax__sample_01,6bdbc26_1,minimax,dev_proxy,sample,True,2,1.0,0.0,1.0
6bdbc26_1__minimax__sample_00,6bdbc26_1,minimax,dev_proxy,sample,True,2,1.0,0.0,1.0
6bdbc26_1__minimax__sample_06,6bdbc26_1,minimax,dev_proxy,sample,True,2,1.0,0.0,1.0
6bdbc26_1__minimax__sample_02,6bdbc26_1,minimax,dev_proxy,sample,True,2,0.9987484355444305,0.002506265664160401,1.0
6bdbc26_1__minimax__sample_03,6bdbc26_1,minimax,dev_proxy,sample,False,-1,0.593092497022628,0.06230769230769231,0.5602836879432624
6bdbc26_1__minimax__sample_05,6bdbc26_1,minimax,dev_proxy,sample,True,2,1.0,0.0,1.0
3ab5b8b_3__minimax__sample_06,3ab5b8b_3,minimax,dev_proxy,sample,True,2,0.9991889699918897,0.0016233766233766235,1.0
3ab5b8b_3__minimax__sample_07,3ab5b8b_3,minimax,dev_proxy,sample,True,2,1.0,0.0,1.0
6bdbc26_1__minimax__sample_07,6bdbc26_1,minimax,dev_proxy,sample,True,2,1.0,0.0,1.0
6bdbc26_2__minimax__greedy,6bdbc26_2,minimax,dev_proxy,greedy,False,-1,0.9818059299191375,0.03706245710363761,0.9915254237288136
6bdbc26_2__minimax__sample_02,6bdbc26_2,minimax,dev_proxy,sample,True,1,0.9996766892984158,0.0006464124111182935,1.0
6bdbc26_1__minimax__sample_04,6bdbc26_1,minimax,dev_proxy,sample,True,1,1.0,0.0,1.0
6bdbc26_2__minimax__sample_01,6bdbc26_2,minimax,dev_proxy,sample,False,-1,0.7814927389395474,0.1889908256880734,0.671875
6bdbc26_2__minimax__sample_00,6bdbc26_2,minimax,dev_proxy,sample,False,-1,0.7597765363128491,0.05242334322453017,0.7028571428571428
6bdbc26_2__minimax__sample_05,6bdbc26_2,minimax,dev_proxy,sample,True,2,1.0,0.0,1.0
6bdbc26_2__minimax__sample_04,6bdbc26_2,minimax,dev_proxy,sample,True,1,0.9820089955022488,0.0,0.9767441860465116
6bdbc26_2__minimax__sample_06,6bdbc26_2,minimax,dev_proxy,sample,True,1,0.9646876212650368,0.0069605568445475635,0.8188976377952756
6bdbc26_2__minimax__sample_03,6bdbc26_2,minimax,dev_proxy,sample,False,-1,0.8707342295760083,0.08134920634920635,0.8106060606060606
b119b1f_3__minimax__greedy,b119b1f_3,minimax,dev_proxy,greedy,False,-1,0.7742144476838354,0.06941838649155722,0.8148148148148148
6bdbc26_2__minimax__sample_07,6bdbc26_2,minimax,dev_proxy,sample,True,1,1.0,0.0,1.0
b119b1f_3__minimax__sample_02,b119b1f_3,minimax,dev_proxy,sample,False,-1,0.9893930465527401,0.02144133412745682,0.9772727272727273
b119b1f_3__minimax__sample_01,b119b1f_3,minimax,dev_proxy,sample,True,2,1.0,0.0,1.0
b119b1f_3__minimax__sample_00,b119b1f_3,minimax,dev_proxy,sample,True,2,0.9972093023255814,0.004640371229698376,0.9941520467836257
b119b1f_3__minimax__sample_03,b119b1f_3,minimax,dev_proxy,sample,True,1,1.0,0.0,1.0
b119b1f_3__minimax__sample_05,b119b1f_3,minimax,dev_proxy,sample,False,-1,0.9087577867350678,0.019593613933236574,0.7661290322580645
b119b1f_3__minimax__sample_04,b119b1f_3,minimax,dev_proxy,sample,True,2,0.9818770226537217,0.012861736334405145,0.9557522123893806
b119b1f_3__minimax__sample_07,b119b1f_3,minimax,dev_proxy,sample,True,2,0.9990662931839402,0.001869158878504673,1.0
b119b1f_3__minimax__sample_06,b119b1f_3,minimax,dev_proxy,sample,True,2,0.9991889699918897,0.0016233766233766235,1.0
fac291d_2__minimax__sample_01,fac291d_2,minimax,dev_proxy,sample,True,2,0.9860997547015535,0.017828200972447326,0.9869281045751634
fac291d_2__minimax__greedy,fac291d_2,minimax,dev_proxy,greedy,False,-1,0.8900849858356941,0.18711276332094176,0.7941176470588235
fac291d_2__minimax__sample_03,fac291d_2,minimax,dev_proxy,sample,True,2,0.9857712009106432,0.019165727170236752,0.987012987012987
fac291d_3__minimax__greedy,fac291d_3,minimax,dev_proxy,greedy,True,2,1.0,0.0,1.0
fac291d_2__minimax__sample_00,fac291d_2,minimax,dev_proxy,sample,False,-1,0.9501983252534156,0.0864367816091954,0.9260869565217391
fac291d_2__minimax__sample_04,fac291d_2,minimax,dev_proxy,sample,True,2,1.0,0.0,1.0
fac291d_2__minimax__sample_02,fac291d_2,minimax,dev_proxy,sample,True,1,0.955585464333782,0.017785682525566917,0.9462809917355371
fac291d_2__minimax__sample_05,fac291d_2,minimax,dev_proxy,sample,False,-1,0.8318192978148785,0.13848263254113347,0.8291666666666667
fac291d_3__minimax__sample_01,fac291d_3,minimax,dev_proxy,sample,False,-1,0.8778181818181818,0.007246376811594203,0.8181818181818182
fac291d_3__minimax__sample_00,fac291d_3,minimax,dev_proxy,sample,True,1,1.0,0.0,1.0
fac291d_2__minimax__sample_06,fac291d_2,minimax,dev_proxy,sample,False,-1,0.9743466794533685,0.02602934216753431,0.9733333333333334
fac291d_2__minimax__sample_07,fac291d_2,minimax,dev_proxy,sample,True,2,0.9949238578680203,0.010101010101010102,0.9888268156424581
fac291d_3__minimax__sample_05,fac291d_3,minimax,dev_proxy,sample,True,2,1.0,0.0,1.0
fac291d_3__minimax__sample_02,fac291d_3,minimax,dev_proxy,sample,True,2,0.9959438377535101,0.008079552517091361,1.0
fac291d_3__minimax__sample_04,fac291d_3,minimax,dev_proxy,sample,True,2,1.0,0.0,1.0
fac291d_3__minimax__sample_07,fac291d_3,minimax,dev_proxy,sample,False,-1,0.5353159851301115,0.0644666155026861,0.7808219178082192
fac291d_3__minimax__sample_03,fac291d_3,minimax,dev_proxy,sample,False,-1,0.946195652173913,0.00326619488296135,0.8733333333333333
0d8a4ee_2__minimax__sample_00,0d8a4ee_2,minimax,legacy_v9,sample,False,-1,0.85001833516685,0.02600297176820208,0.6982758620689655
fac291d_3__minimax__sample_06,fac291d_3,minimax,dev_proxy,sample,False,-1,0.8135831381733021,0.0028142589118198874,0.8089887640449438
0d8a4ee_2__minimax__sample_02,0d8a4ee_2,minimax,legacy_v9,sample,False,-1,0.3755615453728661,0.37439143135345665,0.38271604938271603
0d8a4ee_2__minimax__greedy,0d8a4ee_2,minimax,legacy_v9,greedy,True,2,0.9997158283603297,0.0005685048322910744,1.0
0d8a4ee_2__minimax__sample_01,0d8a4ee_2,minimax,legacy_v9,sample,False,-1,0.8523775727466288,0.025880661394680086,0.6923076923076923
0d8a4ee_2__minimax__sample_04,0d8a4ee_2,minimax,legacy_v9,sample,False,-1,0.6467498358502954,0.08427672955974842,0.43243243243243246
0d8a4ee_2__minimax__sample_03,0d8a4ee_2,minimax,legacy_v9,sample,False,-1,0.5373842867315453,0.22983193277310923,0.4619883040935672
37a8675_1__minimax__greedy,37a8675_1,minimax,legacy_v9,greedy,True,2,0.988939492517892,0.003896103896103896,0.9310344827586207
0d8a4ee_2__minimax__sample_05,0d8a4ee_2,minimax,legacy_v9,sample,False,-1,0.6936628977123324,0.06463104325699745,0.5329341317365269
0d8a4ee_2__minimax__sample_07,0d8a4ee_2,minimax,legacy_v9,sample,False,-1,0.5580093312597201,0.16285714285714287,0.4927536231884058
0d8a4ee_2__minimax__sample_06,0d8a4ee_2,minimax,legacy_v9,sample,True,2,1.0,0.0,1.0
37a8675_1__minimax__sample_00,37a8675_1,minimax,legacy_v9,sample,False,-1,0.6030927835051546,0.1278648974668275,0.706766917293233
37a8675_1__minimax__sample_02,37a8675_1,minimax,legacy_v9,sample,False,-1,0.974390243902439,0.022905364677516575,0.925
37a8675_1__minimax__sample_01,37a8675_1,minimax,legacy_v9,sample,False,-1,0.975551580202743,0.05012224938875306,0.9615384615384616
37a8675_1__minimax__sample_05,37a8675_1,minimax,legacy_v9,sample,False,-1,0.8197767145135566,0.04234527687296417,0.672
37a8675_1__minimax__sample_03,37a8675_1,minimax,legacy_v9,sample,False,-1,0.7913464275547964,0.10517799352750809,0.7297297297297297
37a8675_1__minimax__sample_04,37a8675_1,minimax,legacy_v9,sample,True,2,1.0,0.0,1.0
37a8675_1__minimax__sample_06,37a8675_1,minimax,legacy_v9,sample,True,2,0.9817336433078712,0.00991407799074686,0.9576271186440678
37a8675_2__minimax__greedy,37a8675_2,minimax,legacy_v9,greedy,False,-1,0.9523579201934703,0.032940019665683384,0.8888888888888888
37a8675_1__minimax__sample_07,37a8675_1,minimax,legacy_v9,sample,False,-1,0.8956521739130435,0.00408371618172537,0.8516129032258064
37a8675_2__minimax__sample_00,37a8675_2,minimax,legacy_v9,sample,False,-1,0.9733397964129908,0.022549019607843137,0.94375
37a8675_2__minimax__sample_03,37a8675_2,minimax,legacy_v9,sample,True,1,0.9501074242062545,0.007187350263536177,0.8427672955974843
37a8675_2__minimax__sample_01,37a8675_2,minimax,legacy_v9,sample,False,-1,0.4874874874874875,0.11764705882352941,0.6256684491978609
37a8675_2__minimax__sample_02,37a8675_2,minimax,legacy_v9,sample,False,-1,0.888710109949048,0.058823529411764705,0.8796992481203008
37a8675_2__minimax__sample_04,37a8675_2,minimax,legacy_v9,sample,False,-1,0.7218775289991907,0.030120481927710843,0.7559523809523809
37a8675_2__minimax__sample_05,37a8675_2,minimax,legacy_v9,sample,False,-1,0.8271334792122538,0.11085450346420324,0.6894409937888198
37a8675_2__minimax__sample_06,37a8675_2,minimax,legacy_v9,sample,False,-1,0.797032640949555,0.09057071960297766,0.8
37a8675_3__minimax__sample_00,37a8675_3,minimax,legacy_v9,sample,True,2,1.0,0.0,1.0
37a8675_3__minimax__greedy,37a8675_3,minimax,legacy_v9,greedy,True,2,1.0,0.0,1.0
37a8675_3__minimax__sample_01,37a8675_3,minimax,legacy_v9,sample,False,-1,0.706786171574904,0.058823529411764705,0.628099173553719
37a8675_3__minimax__sample_03,37a8675_3,minimax,legacy_v9,sample,True,2,0.9979108635097493,0.004169562195969423,0.9743589743589743
37a8675_3__minimax__sample_05,37a8675_3,minimax,legacy_v9,sample,False,-1,0.6088521050737675,0.18009168303863785,0.538961038961039
37a8675_2__minimax__sample_07,37a8675_2,minimax,legacy_v9,sample,True,2,0.9932697700504767,0.012415349887133182,0.9915966386554622
37a8675_3__minimax__sample_06,37a8675_3,minimax,legacy_v9,sample,True,2,0.9840336134453781,0.011834319526627219,0.9509803921568627
37a8675_3__minimax__sample_02,37a8675_3,minimax,legacy_v9,sample,True,2,1.0,0.0,1.0
37a8675_3__minimax__sample_04,37a8675_3,minimax,legacy_v9,sample,True,2,1.0,0.0,1.0
37a8675_3__minimax__sample_07,37a8675_3,minimax,legacy_v9,sample,False,-1,0.6114942528735632,0.3164005805515239,0.4906832298136646
383cbac_1__minimax__greedy,383cbac_1,minimax,legacy_v9,greedy,True,2,1.0,0.0,1.0
383cbac_1__minimax__sample_02,383cbac_1,minimax,legacy_v9,sample,False,-1,0.8708003277792953,0.06603275224511358,0.7096774193548387
383cbac_1__minimax__sample_01,383cbac_1,minimax,legacy_v9,sample,True,1,0.9939120631341601,0.012250453720508167,0.9875776397515528
383cbac_1__minimax__sample_04,383cbac_1,minimax,legacy_v9,sample,True,2,1.0,0.0,1.0
383cbac_1__minimax__sample_03,383cbac_1,minimax,legacy_v9,sample,False,-1,0.9737991266375546,0.040594059405940595,0.9700598802395209
383cbac_1__minimax__sample_00,383cbac_1,minimax,legacy_v9,sample,True,2,1.0,0.0,1.0
383cbac_1__minimax__sample_05,383cbac_1,minimax,legacy_v9,sample,False,-1,0.6379840196681008,0.031210986267166042,0.7171052631578947
383cbac_2__minimax__greedy,383cbac_2,minimax,legacy_v9,greedy,False,-1,0.7153116920425165,0.12142471667566108,0.6381578947368421
383cbac_1__minimax__sample_06,383cbac_1,minimax,legacy_v9,sample,False,-1,0.6061571125265393,0.1893320518981259,0.7102272727272727
383cbac_2__minimax__sample_00,383cbac_2,minimax,legacy_v9,sample,False,-1,0.9413854351687388,0.08056171470805618,0.9307692307692308
383cbac_2__minimax__sample_01,383cbac_2,minimax,legacy_v9,sample,True,2,1.0,0.0,1.0
383cbac_1__minimax__sample_07,383cbac_1,minimax,legacy_v9,sample,False,-1,0.9392324093816631,0.10786516853932585,0.8719512195121951
383cbac_2__minimax__sample_02,383cbac_2,minimax,legacy_v9,sample,True,2,0.9631449631449631,0.010869565217391304,0.9383561643835616
383cbac_2__minimax__sample_04,383cbac_2,minimax,legacy_v9,sample,False,-1,0.8801571709233792,0.022516556291390728,0.87248322147651
383cbac_2__minimax__sample_03,383cbac_2,minimax,legacy_v9,sample,True,2,0.998595900028082,0.0016863406408094434,0.9863013698630136
383cbac_2__minimax__sample_05,383cbac_2,minimax,legacy_v9,sample,False,-1,0.7800735918482876,0.03162737205290397,0.8978102189781022
396c5a2_1__minimax__greedy,396c5a2_1,minimax,legacy_v9,greedy,False,-1,0.751093951093951,0.06210191082802548,0.6777777777777778
383cbac_2__minimax__sample_06,383cbac_2,minimax,legacy_v9,sample,True,2,0.9951550387596899,0.0,0.9806451612903225
383cbac_2__minimax__sample_07,383cbac_2,minimax,legacy_v9,sample,False,-1,0.5150645624103299,0.04548789435069699,0.3392857142857143
396c5a2_1__minimax__sample_00,396c5a2_1,minimax,legacy_v9,sample,True,2,0.9996602106693849,0.0006798096532970768,1.0
396c5a2_1__minimax__sample_01,396c5a2_1,minimax,legacy_v9,sample,True,2,1.0,0.0,1.0
396c5a2_1__minimax__sample_02,396c5a2_1,minimax,legacy_v9,sample,True,2,1.0,0.0,1.0
396c5a2_1__minimax__sample_03,396c5a2_1,minimax,legacy_v9,sample,True,2,1.0,0.0,1.0
396c5a2_1__minimax__sample_07,396c5a2_1,minimax,legacy_v9,sample,False,-1,0.7355182926829268,0.01812688821752266,0.6842105263157895
396c5a2_1__minimax__sample_04,396c5a2_1,minimax,legacy_v9,sample,True,2,0.9997608227696724,0.00047824007651841227,1.0
396c5a2_1__minimax__sample_05,396c5a2_1,minimax,legacy_v9,sample,True,2,0.9987896393125151,0.0024177949709864605,0.9820359281437125
396c5a2_1__minimax__sample_06,396c5a2_1,minimax,legacy_v9,sample,False,-1,0.8742734781278678,0.05416666666666667,0.759493670886076
396c5a2_2__minimax__sample_01,396c5a2_2,minimax,legacy_v9,sample,True,2,1.0,0.0,1.0
396c5a2_2__minimax__greedy,396c5a2_2,minimax,legacy_v9,greedy,True,1,0.9991570665917393,0.0005621135469364812,0.9867549668874173
396c5a2_2__minimax__sample_02,396c5a2_2,minimax,legacy_v9,sample,True,2,1.0,0.0,1.0
396c5a2_2__minimax__sample_00,396c5a2_2,minimax,legacy_v9,sample,True,1,0.997376858058875,0.004072134962187318,0.9774436090225563
396c5a2_2__minimax__sample_03,396c5a2_2,minimax,legacy_v9,sample,True,2,1.0,0.0,1.0
396c5a2_2__minimax__sample_06,396c5a2_2,minimax,legacy_v9,sample,False,-1,0.9274145170965807,0.06056860321384425,0.8775510204081632
396c5a2_2__minimax__sample_04,396c5a2_2,minimax,legacy_v9,sample,False,-1,0.7593831830084375,0.06147772137619854,0.672514619883041
396c5a2_2__minimax__sample_07,396c5a2_2,minimax,legacy_v9,sample,True,1,0.9902097902097902,0.018633540372670808,0.9727891156462585
396c5a2_2__minimax__sample_05,396c5a2_2,minimax,legacy_v9,sample,True,2,0.9848375451263538,0.0028922631959508315,0.9765625
3ab5b8b_1__minimax__sample_00,3ab5b8b_1,minimax,legacy_v9,sample,False,-1,0.8904109589041096,0.009913258983890954,0.8888888888888888
3ab5b8b_1__minimax__sample_04,3ab5b8b_1,minimax,legacy_v9,sample,True,2,1.0,0.0,1.0
3ab5b8b_1__minimax__sample_01,3ab5b8b_1,minimax,legacy_v9,sample,True,2,1.0,0.0,1.0
3ab5b8b_1__minimax__sample_03,3ab5b8b_1,minimax,legacy_v9,sample,True,1,1.0,0.0,1.0
3ab5b8b_1__minimax__greedy,3ab5b8b_1,minimax,legacy_v9,greedy,True,2,1.0,0.0,1.0
3ab5b8b_1__minimax__sample_02,3ab5b8b_1,minimax,legacy_v9,sample,False,-1,0.8176386913229019,0.06015452538631347,0.7590361445783133
3ab5b8b_1__minimax__sample_07,3ab5b8b_1,minimax,legacy_v9,sample,True,2,0.9991742361684558,0.001652892561983471,1.0
3ab5b8b_1__minimax__sample_05,3ab5b8b_1,minimax,legacy_v9,sample,True,2,1.0,0.0,1.0
3ab5b8b_1__minimax__sample_06,3ab5b8b_1,minimax,legacy_v9,sample,True,2,1.0,0.0,1.0
4ec8de5_1__minimax__sample_00,4ec8de5_1,minimax,legacy_v9,sample,False,-1,0.9851598173515982,0.02702702702702703,0.9363057324840764
4ec8de5_1__minimax__greedy,4ec8de5_1,minimax,legacy_v9,greedy,True,2,0.999713055954089,0.000574052812858783,1.0
4ec8de5_1__minimax__sample_02,4ec8de5_1,minimax,legacy_v9,sample,True,1,0.9915438511717807,0.016770483948251078,0.9715909090909091
4ec8de5_1__minimax__sample_01,4ec8de5_1,minimax,legacy_v9,sample,False,-1,0.9522503998172264,0.0568609022556391,0.9651162790697675
4ec8de5_1__minimax__sample_06,4ec8de5_1,minimax,legacy_v9,sample,False,-1,0.9871001031991744,0.026136957658128592,0.9588235294117647
4ec8de5_1__minimax__sample_07,4ec8de5_1,minimax,legacy_v9,sample,True,1,0.9722147288912868,0.00921409214092141,0.9254658385093167
4ec8de5_1__minimax__sample_05,4ec8de5_1,minimax,legacy_v9,sample,True,1,0.9626349294215334,0.004994450610432853,0.879746835443038
4ec8de5_1__minimax__sample_03,4ec8de5_1,minimax,legacy_v9,sample,True,2,1.0,0.0,1.0
4ec8de5_1__minimax__sample_04,4ec8de5_1,minimax,legacy_v9,sample,True,1,1.0,0.0,1.0
4ec8de5_3__minimax__sample_03,4ec8de5_3,minimax,legacy_v9,sample,False,-1,0.7671480144404332,0.04240282685512368,0.7152317880794702
4ec8de5_3__minimax__greedy,4ec8de5_3,minimax,legacy_v9,greedy,False,-1,0.9386281588447654,0.09053308823529412,0.8847926267281107
4ec8de5_3__minimax__sample_01,4ec8de5_3,minimax,legacy_v9,sample,True,1,0.9997613934621808,0.00047709923664122136,1.0
4ec8de5_3__minimax__sample_00,4ec8de5_3,minimax,legacy_v9,sample,True,1,0.9751596877217885,0.005191127890514393,0.945273631840796
4ec8de5_3__minimax__sample_05,4ec8de5_3,minimax,legacy_v9,sample,True,2,1.0,0.0,1.0
4ec8de5_3__minimax__sample_04,4ec8de5_3,minimax,legacy_v9,sample,True,2,1.0,0.0,1.0
4ec8de5_3__minimax__sample_07,4ec8de5_3,minimax,legacy_v9,sample,True,2,0.9997105643994211,0.0005790387955993051,1.0
4ec8de5_3__minimax__sample_02,4ec8de5_3,minimax,legacy_v9,sample,False,-1,0.9019033674963397,0.042044911610129,0.8955223880597015
4ec8de5_3__minimax__sample_06,4ec8de5_3,minimax,legacy_v9,sample,True,2,0.9997449630196379,0.0005099439061703213,1.0
4fab96f_1__minimax__greedy,4fab96f_1,minimax,legacy_v9,greedy,False,-1,0.7417283950617284,0.043478260869565216,0.7777777777777778
4fab96f_1__minimax__sample_03,4fab96f_1,minimax,legacy_v9,sample,False,-1,0.9284792150787503,0.013846153846153847,0.9259259259259259
4fab96f_1__minimax__sample_00,4fab96f_1,minimax,legacy_v9,sample,True,2,1.0,0.0,1.0
4fab96f_1__minimax__sample_01,4fab96f_1,minimax,legacy_v9,sample,True,2,0.9993558084603822,0.001289213579716373,1.0
4fab96f_1__minimax__sample_02,4fab96f_1,minimax,legacy_v9,sample,False,-1,0.755939524838013,0.06287128712871287,0.6923076923076923
4fab96f_1__minimax__sample_04,4fab96f_1,minimax,legacy_v9,sample,False,-1,0.9882198952879581,0.02384105960264901,0.96
4fab96f_1__minimax__sample_06,4fab96f_1,minimax,legacy_v9,sample,True,2,1.0,0.0,1.0
4fab96f_1__minimax__sample_05,4fab96f_1,minimax,legacy_v9,sample,True,2,1.0,0.0,1.0
4fab96f_2__minimax__greedy,4fab96f_2,minimax,legacy_v9,greedy,False,-1,0.96939736346516,0.06313744536182612,0.9444444444444444
4fab96f_2__minimax__sample_00,4fab96f_2,minimax,legacy_v9,sample,True,2,1.0,0.0,1.0
4fab96f_2__minimax__sample_01,4fab96f_2,minimax,legacy_v9,sample,False,-1,0.842082708377973,0.020346320346320345,0.8011695906432749
4fab96f_1__minimax__sample_07,4fab96f_1,minimax,legacy_v9,sample,False,-1,0.9698736637512148,0.02191464821222607,0.9418604651162791
4fab96f_2__minimax__sample_03,4fab96f_2,minimax,legacy_v9,sample,False,-1,0.8250155311658729,0.036693378321383384,0.75
4fab96f_2__minimax__sample_02,4fab96f_2,minimax,legacy_v9,sample,False,-1,0.8497644956959558,0.08193146417445483,0.7821782178217822
4fab96f_2__minimax__sample_04,4fab96f_2,minimax,legacy_v9,sample,True,2,1.0,0.0,1.0
4fab96f_2__minimax__sample_06,4fab96f_2,minimax,legacy_v9,sample,False,-1,0.9724603319350721,0.05432746346946422,0.9559748427672956
4fab96f_2__minimax__sample_05,4fab96f_2,minimax,legacy_v9,sample,False,-1,0.9733823847652023,0.03927625772285966,0.9054054054054054
4fab96f_2__minimax__sample_07,4fab96f_2,minimax,legacy_v9,sample,False,-1,0.9261945392491467,0.06884377758164166,0.8928571428571429
50e1ac9_1__minimax__greedy,50e1ac9_1,minimax,legacy_v9,greedy,True,2,1.0,0.0,1.0
50e1ac9_1__minimax__sample_02,50e1ac9_1,minimax,legacy_v9,sample,True,1,0.9669775649105117,0.00853413654618474,0.9203980099502488
50e1ac9_1__minimax__sample_01,50e1ac9_1,minimax,legacy_v9,sample,True,1,0.9606143175625464,0.00248015873015873,0.8761467889908257
50e1ac9_1__minimax__sample_00,50e1ac9_1,minimax,legacy_v9,sample,True,2,1.0,0.0,1.0
530b157_3__minimax__greedy,530b157_3,minimax,legacy_v9,greedy,False,-1,0.41452991452991456,0.23618090452261306,0.5958904109589042
50e1ac9_1__minimax__sample_03,50e1ac9_1,minimax,legacy_v9,sample,False,-1,0.7394886963870695,0.038541234977206795,0.7300380228136882
50e1ac9_1__minimax__sample_04,50e1ac9_1,minimax,legacy_v9,sample,False,-1,0.7681019501834331,0.07257164123557872,0.8949416342412452
50e1ac9_1__minimax__sample_05,50e1ac9_1,minimax,legacy_v9,sample,True,2,1.0,0.0,1.0
530b157_3__minimax__sample_00,530b157_3,minimax,legacy_v9,sample,False,-1,0.6194895591647331,0.2620967741935484,0.5
530b157_3__minimax__sample_01,530b157_3,minimax,legacy_v9,sample,True,1,1.0,0.0,1.0
50e1ac9_1__minimax__sample_06,50e1ac9_1,minimax,legacy_v9,sample,True,2,1.0,0.0,1.0
530b157_3__minimax__sample_02,530b157_3,minimax,legacy_v9,sample,False,-1,0.3399182561307902,0.2940151074956421,0.3609467455621302
530b157_3__minimax__sample_05,530b157_3,minimax,legacy_v9,sample,True,2,1.0,0.0,1.0
530b157_3__minimax__sample_04,530b157_3,minimax,legacy_v9,sample,True,1,1.0,0.0,1.0
530b157_3__minimax__sample_03,530b157_3,minimax,legacy_v9,sample,True,1,1.0,0.0,1.0
50e1ac9_1__minimax__sample_07,50e1ac9_1,minimax,legacy_v9,sample,True,2,1.0,0.0,1.0
530b157_3__minimax__sample_07,530b157_3,minimax,legacy_v9,sample,True,2,1.0,0.0,1.0
530b157_3__minimax__sample_06,530b157_3,minimax,legacy_v9,sample,True,1,1.0,0.0,1.0
57c3486_1__minimax__greedy,57c3486_1,minimax,legacy_v9,greedy,True,2,1.0,0.0,1.0
57c3486_1__minimax__sample_00,57c3486_1,minimax,legacy_v9,sample,False,-1,0.9481193255512321,0.0423841059602649,0.91
57c3486_1__minimax__sample_01,57c3486_1,minimax,legacy_v9,sample,True,2,1.0,0.0,1.0
57c3486_1__minimax__sample_02,57c3486_1,minimax,legacy_v9,sample,True,2,1.0,0.0,1.0
57c3486_1__minimax__sample_03,57c3486_1,minimax,legacy_v9,sample,True,1,1.0,0.0,1.0
57c3486_1__minimax__sample_04,57c3486_1,minimax,legacy_v9,sample,False,-1,0.6525821596244131,0.05896568390526825,0.8465346534653465
57c3486_1__minimax__sample_05,57c3486_1,minimax,legacy_v9,sample,True,1,0.9997848074026253,0.00043047783039173483,1.0
57c3486_1__minimax__sample_06,57c3486_1,minimax,legacy_v9,sample,True,2,1.0,0.0,1.0
57c3486_1__minimax__sample_07,57c3486_1,minimax,legacy_v9,sample,True,2,1.0,0.0,1.0
57c3486_2__minimax__greedy,57c3486_2,minimax,legacy_v9,greedy,True,1,1.0,0.0,1.0
57c3486_2__minimax__sample_01,57c3486_2,minimax,legacy_v9,sample,True,1,1.0,0.0,1.0
57c3486_2__minimax__sample_00,57c3486_2,minimax,legacy_v9,sample,False,-1,0.7175237631001706,0.06700251889168765,0.7867298578199052
57c3486_2__minimax__sample_03,57c3486_2,minimax,legacy_v9,sample,False,-1,0.954954954954955,0.08059981255857544,0.9463414634146341
57c3486_2__minimax__sample_02,57c3486_2,minimax,legacy_v9,sample,True,2,1.0,0.0,1.0
57c3486_2__minimax__sample_04,57c3486_2,minimax,legacy_v9,sample,False,-1,0.6533940993043895,0.026041666666666668,0.597457627118644
57c3486_2__minimax__sample_06,57c3486_2,minimax,legacy_v9,sample,False,-1,0.7565492321589883,0.15037593984962405,0.6609442060085837
57c3486_2__minimax__sample_05,57c3486_2,minimax,legacy_v9,sample,True,2,0.9814857142857143,0.007741347905282332,0.9805825242718447
57c3486_2__minimax__sample_07,57c3486_2,minimax,legacy_v9,sample,True,2,1.0,0.0,1.0
57c3486_3__minimax__sample_00,57c3486_3,minimax,legacy_v9,sample,True,2,0.9668032786885246,0.009787928221859706,0.9363636363636364
57c3486_3__minimax__greedy,57c3486_3,minimax,legacy_v9,greedy,True,1,0.9913611057784604,0.001152516327314637,0.9301310043668122
57c3486_3__minimax__sample_01,57c3486_3,minimax,legacy_v9,sample,True,2,0.9966053242808648,0.00035739814152966406,0.9909502262443439
57c3486_3__minimax__sample_03,57c3486_3,minimax,legacy_v9,sample,False,-1,0.7340022296544035,0.10118543607112616,0.7004405286343612
57c3486_3__minimax__sample_02,57c3486_3,minimax,legacy_v9,sample,True,2,1.0,0.0,1.0
57c3486_3__minimax__sample_05,57c3486_3,minimax,legacy_v9,sample,True,2,0.9859906604402935,0.00841452612931798,0.964824120603015
57c3486_3__minimax__sample_04,57c3486_3,minimax,legacy_v9,sample,True,1,0.9959382615759546,0.008090614886731391,0.9901960784313726
57c3486_3__minimax__sample_06,57c3486_3,minimax,legacy_v9,sample,True,2,1.0,0.0,1.0
6171bbc_2__minimax__sample_00,6171bbc_2,minimax,legacy_v9,sample,True,2,0.9991319444444444,0.0017376194613379669,1.0
57c3486_3__minimax__sample_07,57c3486_3,minimax,legacy_v9,sample,True,2,0.9967648561212328,0.0003405994550408719,0.991701244813278
6171bbc_2__minimax__greedy,6171bbc_2,minimax,legacy_v9,greedy,True,2,1.0,0.0,1.0
6171bbc_2__minimax__sample_01,6171bbc_2,minimax,legacy_v9,sample,True,2,0.9993130295397298,0.001374885426214482,1.0
6171bbc_2__minimax__sample_02,6171bbc_2,minimax,legacy_v9,sample,False,-1,0.8588791357191087,0.0617169373549884,0.8657407407407407
6171bbc_2__minimax__sample_03,6171bbc_2,minimax,legacy_v9,sample,True,2,0.9983883964544722,0.003228410008071025,1.0
6171bbc_2__minimax__sample_04,6171bbc_2,minimax,legacy_v9,sample,True,2,1.0,0.0,1.0
6171bbc_2__minimax__sample_06,6171bbc_2,minimax,legacy_v9,sample,False,-1,0.9800943977016212,0.03126302626094206,0.9764150943396226
6171bbc_3__minimax__greedy,6171bbc_3,minimax,legacy_v9,greedy,True,2,0.9997582789460963,0.00048355899419729207,1.0
6171bbc_3__minimax__sample_00,6171bbc_3,minimax,legacy_v9,sample,True,2,0.9941832283082889,0.011566265060240964,0.9946236559139785
6171bbc_2__minimax__sample_05,6171bbc_2,minimax,legacy_v9,sample,True,2,1.0,0.0,1.0
6171bbc_2__minimax__sample_07,6171bbc_2,minimax,legacy_v9,sample,False,-1,0.9277291745910993,0.0037965072133637054,0.9734513274336283
6171bbc_3__minimax__sample_02,6171bbc_3,minimax,legacy_v9,sample,True,2,1.0,0.0,1.0
6171bbc_3__minimax__sample_01,6171bbc_3,minimax,legacy_v9,sample,False,-1,0.9885264341957255,0.02321347291761493,0.981042654028436
6171bbc_3__minimax__sample_03,6171bbc_3,minimax,legacy_v9,sample,False,-1,0.9178164367126574,0.03535651149086624,0.832258064516129
6171bbc_3__minimax__sample_04,6171bbc_3,minimax,legacy_v9,sample,False,-1,0.9539308963445168,0.0798076923076923,0.90625
6171bbc_3__minimax__sample_05,6171bbc_3,minimax,legacy_v9,sample,True,2,1.0,0.0,1.0
6171bbc_3__minimax__sample_06,6171bbc_3,minimax,legacy_v9,sample,False,-1,0.7617391304347826,0.048642533936651584,0.8465909090909091
68ee2c9_2__minimax__greedy,68ee2c9_2,minimax,legacy_v9,greedy,True,2,1.0,0.0,1.0
68ee2c9_2__minimax__sample_01,68ee2c9_2,minimax,legacy_v9,sample,True,2,1.0,0.0,1.0
68ee2c9_2__minimax__sample_00,68ee2c9_2,minimax,legacy_v9,sample,True,2,1.0,0.0,1.0
6171bbc_3__minimax__sample_07,6171bbc_3,minimax,legacy_v9,sample,True,1,1.0,0.0,1.0
68ee2c9_2__minimax__sample_04,68ee2c9_2,minimax,legacy_v9,sample,False,-1,0.9165511505406154,0.13398861872736678,0.8618421052631579
68ee2c9_2__minimax__sample_02,68ee2c9_2,minimax,legacy_v9,sample,True,1,0.9990772070132267,0.0018472906403940886,1.0
68ee2c9_2__minimax__sample_05,68ee2c9_2,minimax,legacy_v9,sample,False,-1,0.8817927170868347,0.019966722129783693,0.779874213836478
68ee2c9_2__minimax__sample_06,68ee2c9_2,minimax,legacy_v9,sample,True,2,0.9932928776748643,0.013504823151125401,0.9784172661870504
68ee2c9_2__minimax__sample_03,68ee2c9_2,minimax,legacy_v9,sample,True,2,1.0,0.0,1.0
68ee2c9_2__minimax__sample_07,68ee2c9_2,minimax,legacy_v9,sample,True,2,0.9918898992381421,0.016089712335446125,0.9556962025316456
6c2c621_1__minimax__sample_01,6c2c621_1,minimax,legacy_v9,sample,True,2,0.9990300678952473,0.001941747572815534,1.0
6c2c621_1__minimax__greedy,6c2c621_1,minimax,legacy_v9,greedy,True,2,1.0,0.0,1.0
6c2c621_1__minimax__sample_00,6c2c621_1,minimax,legacy_v9,sample,False,-1,0.5846294602012809,0.03770197486535009,0.47549019607843135
6c2c621_1__minimax__sample_02,6c2c621_1,minimax,legacy_v9,sample,False,-1,0.8354171982648635,0.051832460732984295,0.8475609756097561
6c2c621_1__minimax__sample_04,6c2c621_1,minimax,legacy_v9,sample,True,2,1.0,0.0,1.0
6c2c621_1__minimax__sample_03,6c2c621_1,minimax,legacy_v9,sample,False,-1,0.8889292196007259,0.0673447913012978,0.8258928571428571
6c2c621_1__minimax__sample_05,6c2c621_1,minimax,legacy_v9,sample,False,-1,0.9207943391919653,0.10119904076738609,0.7430167597765364
6c2c621_1__minimax__sample_06,6c2c621_1,minimax,legacy_v9,sample,False,-1,0.9886396737547335,0.022981732469063054,0.9855072463768116
6c2c621_2__minimax__greedy,6c2c621_2,minimax,legacy_v9,greedy,True,2,1.0,0.0,1.0
6c2c621_2__minimax__sample_00,6c2c621_2,minimax,legacy_v9,sample,False,-1,0.89102402022756,0.010676156583629894,0.863013698630137
6c2c621_1__minimax__sample_07,6c2c621_1,minimax,legacy_v9,sample,False,-1,0.8956262425447317,0.010994502748625687,0.971830985915493
6c2c621_2__minimax__sample_04,6c2c621_2,minimax,legacy_v9,sample,False,-1,0.6702619414483821,0.037298387096774195,0.6352201257861635
6c2c621_2__minimax__sample_01,6c2c621_2,minimax,legacy_v9,sample,False,-1,0.9745555942837225,0.04199288256227758,0.9371428571428572
6c2c621_2__minimax__sample_03,6c2c621_2,minimax,legacy_v9,sample,False,-1,0.9483204134366925,0.05820371299548419,0.9133333333333333
6c2c621_3__minimax__greedy,6c2c621_3,minimax,legacy_v9,greedy,True,2,1.0,0.0,1.0
6c2c621_2__minimax__sample_02,6c2c621_2,minimax,legacy_v9,sample,False,-1,0.7902799788695193,0.0031746031746031746,0.6666666666666666
6c2c621_2__minimax__sample_05,6c2c621_2,minimax,legacy_v9,sample,False,-1,0.6112,0.9701289884589274,0.4393305439330544
6c2c621_2__minimax__sample_07,6c2c621_2,minimax,legacy_v9,sample,False,-1,0.7271228359439407,0.028428093645484948,0.6294117647058823
6c2c621_3__minimax__sample_00,6c2c621_3,minimax,legacy_v9,sample,True,2,1.0,0.0,1.0
6c2c621_3__minimax__sample_01,6c2c621_3,minimax,legacy_v9,sample,False,-1,0.966168371361133,0.04340836012861737,0.9401709401709402
6c2c621_3__minimax__sample_02,6c2c621_3,minimax,legacy_v9,sample,False,-1,0.717948717948718,0.2446043165467626,0.65
6c2c621_3__minimax__sample_04,6c2c621_3,minimax,legacy_v9,sample,True,2,1.0,0.0,1.0
6c2c621_3__minimax__sample_07,6c2c621_3,minimax,legacy_v9,sample,False,-1,0.8158844765342961,0.14562354763749033,0.8273381294964028
6c2c621_3__minimax__sample_03,6c2c621_3,minimax,legacy_v9,sample,True,2,0.9996341017197219,0.000731528895391368,0.9911504424778761
6c2c621_2__minimax__sample_06,6c2c621_2,minimax,legacy_v9,sample,False,-1,0.9458780543503083,0.07633949739212897,0.9477124183006536
6c2c621_3__minimax__sample_06,6c2c621_3,minimax,legacy_v9,sample,True,2,1.0,0.0,1.0
6c2c621_3__minimax__sample_05,6c2c621_3,minimax,legacy_v9,sample,True,2,0.9951978047107249,0.009558488848429678,0.9662921348314607
b119b1f_1__minimax__sample_01,b119b1f_1,minimax,legacy_v9,sample,False,-1,0.9484913136238952,0.038852361028093245,0.8805970149253731
b119b1f_1__minimax__sample_03,b119b1f_1,minimax,legacy_v9,sample,True,1,0.9795221843003413,0.004561003420752566,0.9664429530201343
b119b1f_1__minimax__sample_00,b119b1f_1,minimax,legacy_v9,sample,True,2,0.9989447766443897,0.002112676056338028,1.0
b119b1f_1__minimax__sample_02,b119b1f_1,minimax,legacy_v9,sample,False,-1,0.9577950043066322,0.025510204081632654,0.9022556390977443
b119b1f_1__minimax__greedy,b119b1f_1,minimax,legacy_v9,greedy,True,1,1.0,0.0,1.0
b119b1f_1__minimax__sample_04,b119b1f_1,minimax,legacy_v9,sample,False,-1,0.5316027088036117,0.12981530343007916,0.625
b119b1f_1__minimax__sample_05,b119b1f_1,minimax,legacy_v9,sample,True,2,1.0,0.0,1.0
b119b1f_2__minimax__greedy,b119b1f_2,minimax,legacy_v9,greedy,False,-1,0.6226792345044273,0.16220472440944883,0.5380434782608695
b119b1f_1__minimax__sample_06,b119b1f_1,minimax,legacy_v9,sample,False,-1,0.9080834419817471,0.04086845466155811,0.8492063492063492
b119b1f_1__minimax__sample_07,b119b1f_1,minimax,legacy_v9,sample,True,2,1.0,0.0,1.0
b119b1f_2__minimax__sample_00,b119b1f_2,minimax,legacy_v9,sample,True,1,0.9997033521210323,0.0005931198102016608,1.0
b119b1f_2__minimax__sample_02,b119b1f_2,minimax,legacy_v9,sample,True,1,1.0,0.0,1.0
b119b1f_2__minimax__sample_04,b119b1f_2,minimax,legacy_v9,sample,False,-1,0.9459129727531517,0.11435941530524506,0.9439252336448598
b119b1f_2__minimax__sample_03,b119b1f_2,minimax,legacy_v9,sample,True,1,0.9996920234062211,0.0006157635467980296,1.0
b119b1f_2__minimax__sample_05,b119b1f_2,minimax,legacy_v9,sample,True,1,1.0,0.0,1.0
b119b1f_2__minimax__sample_06,b119b1f_2,minimax,legacy_v9,sample,False,-1,0.818332779807373,0.03721244925575101,0.76
b119b1f_2__minimax__sample_01,b119b1f_2,minimax,legacy_v9,sample,True,1,0.9992572418915573,0.0014866204162537165,1.0
d4e9306_1__minimax__sample_00,d4e9306_1,minimax,legacy_v9,sample,True,1,0.9682979378270237,0.00431832202344232,0.9072847682119205
b119b1f_2__minimax__sample_07,b119b1f_2,minimax,legacy_v9,sample,True,1,0.9997672794973237,0.0004655493482309125,1.0
d4e9306_1__minimax__sample_03,d4e9306_1,minimax,legacy_v9,sample,True,2,0.9677669902912621,0.016178736517719568,0.9145299145299145
d4e9306_1__minimax__greedy,d4e9306_1,minimax,legacy_v9,greedy,False,-1,0.6960672880200045,0.1296768707482993,0.6275510204081632
d4e9306_1__minimax__sample_01,d4e9306_1,minimax,legacy_v9,sample,True,2,0.9964855366315221,0.007004310344827586,1.0
d4e9306_1__minimax__sample_02,d4e9306_1,minimax,legacy_v9,sample,True,2,0.9985645933014354,0.0,0.9941860465116279
d4e9306_1__minimax__sample_04,d4e9306_1,minimax,legacy_v9,sample,False,-1,0.7724209434940383,0.035641547861507125,0.685
d4e9306_1__minimax__sample_05,d4e9306_1,minimax,legacy_v9,sample,True,2,1.0,0.0,1.0
d4e9306_2__minimax__greedy,d4e9306_2,minimax,legacy_v9,greedy,False,-1,0.7027027027027027,0.08465286236297198,0.5432098765432098
d4e9306_1__minimax__sample_07,d4e9306_1,minimax,legacy_v9,sample,False,-1,0.8717268810076235,0.10727728983688833,0.7410071942446043
d4e9306_1__minimax__sample_06,d4e9306_1,minimax,legacy_v9,sample,False,-1,0.6908188585607941,0.08823529411764706,0.7514792899408284
d4e9306_2__minimax__sample_01,d4e9306_2,minimax,legacy_v9,sample,False,-1,0.8852223816355811,0.040995607613469986,0.8455882352941176
d4e9306_2__minimax__sample_00,d4e9306_2,minimax,legacy_v9,sample,True,2,1.0,0.0,1.0
d4e9306_2__minimax__sample_04,d4e9306_2,minimax,legacy_v9,sample,True,2,0.9996533795493934,0.0006934812760055479,1.0
d4e9306_2__minimax__sample_02,d4e9306_2,minimax,legacy_v9,sample,False,-1,0.9528074405787117,0.04380053908355795,0.8412698412698413
d4e9306_2__minimax__sample_03,d4e9306_2,minimax,legacy_v9,sample,True,2,0.9967349361828436,0.006551518761167362,0.9770992366412213
d4e9306_2__minimax__sample_06,d4e9306_2,minimax,legacy_v9,sample,False,-1,0.9350862777321282,0.05694518360830229,0.821656050955414
d4e9306_2__minimax__sample_05,d4e9306_2,minimax,legacy_v9,sample,True,2,0.9997404619776797,0.0005189413596263622,0.9934640522875817
d4e9306_2__minimax__sample_07,d4e9306_2,minimax,legacy_v9,sample,False,-1,0.97535326979954,0.028666666666666667,0.953125
df61dc5_2__minimax__greedy,df61dc5_2,minimax,legacy_v9,greedy,True,2,0.9996718083360683,0.0006565988181221273,1.0
df61dc5_2__minimax__sample_00,df61dc5_2,minimax,legacy_v9,sample,False,-1,0.6754933799650262,0.11534839924670433,0.5126903553299492
df61dc5_2__minimax__sample_03,df61dc5_2,minimax,legacy_v9,sample,False,-1,0.9632193855473821,0.061241610738255035,0.9086021505376344
df61dc5_2__minimax__sample_02,df61dc5_2,minimax,legacy_v9,sample,True,2,0.9990288119132406,0.0019442644199611147,1.0
df61dc5_2__minimax__sample_04,df61dc5_2,minimax,legacy_v9,sample,False,-1,0.8403473613894455,0.03155818540433925,0.9104477611940298
df61dc5_2__minimax__sample_01,df61dc5_2,minimax,legacy_v9,sample,False,-1,0.9772978959025471,0.04121475054229935,0.96
df61dc5_2__minimax__sample_05,df61dc5_2,minimax,legacy_v9,sample,False,-1,0.9833414992650662,0.03388141504733433,0.9801324503311258
df61dc5_2__minimax__sample_06,df61dc5_2,minimax,legacy_v9,sample,False,-1,0.9339554917444365,0.0227111426543648,0.8348623853211009
fac291d_1__minimax__greedy,fac291d_1,minimax,legacy_v9,greedy,False,-1,0.9144927536231884,0.003857280617164899,0.8723404255319149
df61dc5_2__minimax__sample_07,df61dc5_2,minimax,legacy_v9,sample,False,-1,0.7905848095122543,0.029172644667623145,0.7142857142857143
fac291d_1__minimax__sample_00,fac291d_1,minimax,legacy_v9,sample,False,-1,0.6449217714134182,0.1020066889632107,0.7857142857142857
fac291d_1__minimax__sample_01,fac291d_1,minimax,legacy_v9,sample,True,2,0.9997765363128491,0.0004470272686633885,1.0
fac291d_1__minimax__sample_02,fac291d_1,minimax,legacy_v9,sample,False,-1,0.8566950291088222,0.09868421052631579,0.9066666666666666
fac291d_1__minimax__sample_03,fac291d_1,minimax,legacy_v9,sample,True,2,1.0,0.0,1.0
fac291d_1__minimax__sample_04,fac291d_1,minimax,legacy_v9,sample,True,2,0.9779777409424579,0.015751789976133652,0.9395348837209302
fac291d_1__minimax__sample_05,fac291d_1,minimax,legacy_v9,sample,True,1,1.0,0.0,1.0
fac291d_1__minimax__sample_06,fac291d_1,minimax,legacy_v9,sample,False,-1,0.5491525423728814,0.027855153203342618,0.6977777777777778
07b42fd_1__minimax__greedy,07b42fd_1,minimax,teacher_train,greedy,False,-1,0.9799118079372856,0.041,0.9655172413793104
fac291d_1__minimax__sample_07,fac291d_1,minimax,legacy_v9,sample,False,-1,0.7192292567833268,0.21543859649122807,0.6702508960573477
07b42fd_1__minimax__sample_02,07b42fd_1,minimax,teacher_train,sample,True,2,1.0,0.0,1.0
07b42fd_1__minimax__sample_00,07b42fd_1,minimax,teacher_train,sample,True,2,0.9997132205334098,0.0005737234652897303,1.0
07b42fd_1__minimax__sample_05,07b42fd_1,minimax,teacher_train,sample,True,2,1.0,0.0,1.0
07b42fd_1__minimax__sample_01,07b42fd_1,minimax,teacher_train,sample,True,2,1.0,0.0,1.0
07b42fd_1__minimax__sample_04,07b42fd_1,minimax,teacher_train,sample,False,-1,0.9616648411829135,0.044967880085653104,0.9
07b42fd_1__minimax__sample_03,07b42fd_1,minimax,teacher_train,sample,True,1,1.0,0.0,1.0
07b42fd_1__minimax__sample_07,07b42fd_1,minimax,teacher_train,sample,True,2,0.9613168724279836,0.0038482682792743265,0.905511811023622
07b42fd_2__minimax__greedy,07b42fd_2,minimax,teacher_train,greedy,False,-1,0.9707916986933128,0.05675877520537715,0.9509803921568627
07b42fd_2__minimax__sample_01,07b42fd_2,minimax,teacher_train,sample,True,2,0.9996452642781128,0.0007092198581560284,1.0
07b42fd_2__minimax__sample_00,07b42fd_2,minimax,teacher_train,sample,True,2,0.9822090437361009,0.008935219657483246,0.9655172413793104
07b42fd_1__minimax__sample_06,07b42fd_1,minimax,teacher_train,sample,True,1,1.0,0.0,1.0
07b42fd_2__minimax__sample_02,07b42fd_2,minimax,teacher_train,sample,True,2,0.9996193376475067,0.0007616146230007616,1.0
07b42fd_2__minimax__sample_03,07b42fd_2,minimax,teacher_train,sample,True,1,0.9941368078175896,0.0013020833333333333,0.9918032786885246
07b42fd_2__minimax__sample_05,07b42fd_2,minimax,teacher_train,sample,True,2,0.9606299212598425,0.008710801393728223,0.8768115942028986
07b42fd_2__minimax__sample_04,07b42fd_2,minimax,teacher_train,sample,True,2,1.0,0.0,1.0
07b42fd_2__minimax__sample_06,07b42fd_2,minimax,teacher_train,sample,True,1,0.9571984435797666,0.010668563300142247,0.8057553956834532
07b42fd_2__minimax__sample_07,07b42fd_2,minimax,teacher_train,sample,True,2,0.9542203147353362,0.0,0.9147286821705426
229360a_3__minimax__sample_00,229360a_3,minimax,teacher_train,sample,True,2,1.0,0.0,1.0
229360a_3__minimax__greedy,229360a_3,minimax,teacher_train,greedy,False,-1,0.5297197412996613,0.10670553935860058,0.5027932960893855
229360a_3__minimax__sample_03,229360a_3,minimax,teacher_train,sample,False,-1,0.7563832982877741,0.04750733137829912,0.630057803468208
229360a_3__minimax__sample_01,229360a_3,minimax,teacher_train,sample,True,2,1.0,0.0,1.0
229360a_3__minimax__sample_02,229360a_3,minimax,teacher_train,sample,False,-1,0.8490759753593429,0.038267875125881166,0.7843137254901961
229360a_3__minimax__sample_05,229360a_3,minimax,teacher_train,sample,False,-1,0.7886227544910179,0.043350908025776215,0.7028571428571428
287e338_1__minimax__greedy,287e338_1,minimax,teacher_train,greedy,False,-1,0.9619815668202765,0.051627384960718295,0.9019607843137255
229360a_3__minimax__sample_04,229360a_3,minimax,teacher_train,sample,True,1,0.9926739926739927,0.004061738424045491,0.9800995024875622
287e338_1__minimax__sample_00,287e338_1,minimax,teacher_train,sample,False,-1,0.9503980404164115,0.04313960455362492,0.8435374149659864
229360a_3__minimax__sample_06,229360a_3,minimax,teacher_train,sample,False,-1,0.7310108509423187,0.042481833426495245,0.7346938775510204
229360a_3__minimax__sample_07,229360a_3,minimax,teacher_train,sample,True,1,0.9900830876440633,0.01648059542796385,0.9761904761904762
287e338_1__minimax__sample_01,287e338_1,minimax,teacher_train,sample,True,2,1.0,0.0,1.0
287e338_1__minimax__sample_02,287e338_1,minimax,teacher_train,sample,True,2,1.0,0.0,1.0
287e338_1__minimax__sample_05,287e338_1,minimax,teacher_train,sample,True,2,1.0,0.0,1.0
287e338_1__minimax__sample_03,287e338_1,minimax,teacher_train,sample,False,-1,0.9071791153009428,0.057746478873239436,0.9173553719008265
287e338_1__minimax__sample_06,287e338_1,minimax,teacher_train,sample,True,2,1.0,0.0,1.0
287e338_1__minimax__sample_04,287e338_1,minimax,teacher_train,sample,True,2,1.0,0.0,1.0
287e338_3__minimax__sample_00,287e338_3,minimax,teacher_train,sample,False,-1,0.9100917431192661,0.03206562266964952,0.8870967741935484
287e338_1__minimax__sample_07,287e338_1,minimax,teacher_train,sample,False,-1,0.857331571994716,0.08109965635738832,0.8333333333333334
287e338_3__minimax__greedy,287e338_3,minimax,teacher_train,greedy,True,2,0.9861362266425557,0.00847457627118644,0.9574468085106383
287e338_3__minimax__sample_03,287e338_3,minimax,teacher_train,sample,False,-1,0.7354533152909337,0.020093770931011386,0.849624060150376
287e338_3__minimax__sample_04,287e338_3,minimax,teacher_train,sample,True,2,0.9923307769256419,0.010053619302949061,0.976
287e338_3__minimax__sample_05,287e338_3,minimax,teacher_train,sample,True,2,1.0,0.0,1.0
287e338_3__minimax__sample_01,287e338_3,minimax,teacher_train,sample,False,-1,0.9736467236467237,0.05413313825896123,0.946969696969697
287e338_3__minimax__sample_02,287e338_3,minimax,teacher_train,sample,False,-1,0.8785046728971962,0.04917184265010352,0.863905325443787
287e338_3__minimax__sample_07,287e338_3,minimax,teacher_train,sample,True,2,0.9957860615883306,0.008392511297611363,1.0
287e338_3__minimax__sample_06,287e338_3,minimax,teacher_train,sample,False,-1,0.70229996760609,0.12310866574965612,0.7567567567567568
302c169_1__minimax__greedy,302c169_1,minimax,teacher_train,greedy,True,1,0.9643214404801601,0.012591119946984758,0.9130434782608695
302c169_1__minimax__sample_00,302c169_1,minimax,teacher_train,sample,False,-1,0.8241940844134263,0.06991661321359846,0.7591240875912408
302c169_1__minimax__sample_02,302c169_1,minimax,teacher_train,sample,True,2,1.0,0.0,1.0
302c169_1__minimax__sample_04,302c169_1,minimax,teacher_train,sample,True,2,1.0,0.0,1.0
302c169_1__minimax__sample_01,302c169_1,minimax,teacher_train,sample,True,2,0.9879518072289156,0.0,0.9810126582278481
302c169_1__minimax__sample_03,302c169_1,minimax,teacher_train,sample,False,-1,0.7262247838616714,0.22279129321382843,0.5496688741721855
302c169_2__minimax__sample_01,302c169_2,minimax,teacher_train,sample,False,-1,0.9384965831435079,0.003032600454890068,0.8790322580645161
302c169_2__minimax__sample_00,302c169_2,minimax,teacher_train,sample,False,-1,0.45863082738345234,0.026382978723404255,0.7927927927927928
302c169_1__minimax__sample_05,302c169_1,minimax,teacher_train,sample,True,2,1.0,0.0,1.0
302c169_2__minimax__greedy,302c169_2,minimax,teacher_train,greedy,True,2,0.9762532981530343,0.002635046113306983,0.9402985074626866
302c169_1__minimax__sample_06,302c169_1,minimax,teacher_train,sample,False,-1,0.9137983551629607,0.04931669637551991,0.821656050955414
302c169_2__minimax__sample_02,302c169_2,minimax,teacher_train,sample,True,2,1.0,0.0,1.0
302c169_1__minimax__sample_07,302c169_1,minimax,teacher_train,sample,False,-1,0.7705212702216896,0.05795314426633785,0.7567567567567568
302c169_2__minimax__sample_04,302c169_2,minimax,teacher_train,sample,False,-1,0.7513267626990144,0.16678248783877692,0.627906976744186
302c169_2__minimax__sample_03,302c169_2,minimax,teacher_train,sample,True,2,1.0,0.0,1.0
302c169_2__minimax__sample_06,302c169_2,minimax,teacher_train,sample,True,2,1.0,0.0,1.0
302c169_2__minimax__sample_05,302c169_2,minimax,teacher_train,sample,True,2,1.0,0.0,1.0
60d0b5b_1__minimax__greedy,60d0b5b_1,minimax,teacher_train,greedy,True,2,0.9989820156090939,0.0020380434782608695,1.0
302c169_2__minimax__sample_07,302c169_2,minimax,teacher_train,sample,True,1,1.0,0.0,1.0
60d0b5b_1__minimax__sample_01,60d0b5b_1,minimax,teacher_train,sample,True,2,1.0,0.0,1.0
60d0b5b_1__minimax__sample_03,60d0b5b_1,minimax,teacher_train,sample,True,2,0.9974102848686645,0.0051928783382789315,1.0
60d0b5b_1__minimax__sample_02,60d0b5b_1,minimax,teacher_train,sample,True,1,1.0,0.0,1.0
60d0b5b_1__minimax__sample_00,60d0b5b_1,minimax,teacher_train,sample,True,2,0.9851610568222946,0.0021691973969631237,0.9902912621359223
60d0b5b_1__minimax__sample_05,60d0b5b_1,minimax,teacher_train,sample,True,2,1.0,0.0,1.0
60d0b5b_1__minimax__sample_04,60d0b5b_1,minimax,teacher_train,sample,True,1,0.9961034360609281,0.0035486160397444995,1.0
60d0b5b_1__minimax__sample_06,60d0b5b_1,minimax,teacher_train,sample,False,-1,0.8967551622418879,0.014964216005204945,0.828125
60d0b5b_1__minimax__sample_07,60d0b5b_1,minimax,teacher_train,sample,False,-1,0.9261006289308176,0.15776081424936386,0.8455284552845529
76f2c72_1__minimax__sample_00,76f2c72_1,minimax,teacher_train,sample,True,2,0.9512998901501282,0.0007320644216691069,0.8421052631578947
76f2c72_1__minimax__greedy,76f2c72_1,minimax,teacher_train,greedy,True,1,1.0,0.0,1.0
76f2c72_1__minimax__sample_03,76f2c72_1,minimax,teacher_train,sample,True,1,1.0,0.0,1.0
76f2c72_1__minimax__sample_01,76f2c72_1,minimax,teacher_train,sample,True,1,0.9642409033877039,0.003771213073538655,0.9777777777777777
76f2c72_1__minimax__sample_04,76f2c72_1,minimax,teacher_train,sample,False,-1,0.8501820218426211,0.05466052934407365,0.6463414634146342
76f2c72_1__minimax__sample_06,76f2c72_1,minimax,teacher_train,sample,True,2,0.9921430506637767,0.015838339705079193,0.9933774834437086
76f2c72_1__minimax__sample_02,76f2c72_1,minimax,teacher_train,sample,True,2,0.9848679148499615,0.017793594306049824,0.9696969696969697
76f2c72_1__minimax__sample_05,76f2c72_1,minimax,teacher_train,sample,False,-1,0.699475065616798,0.07088607594936709,0.7272727272727273
82e2fac_2__minimax__greedy,82e2fac_2,minimax,teacher_train,greedy,True,2,1.0,0.0,1.0
82e2fac_2__minimax__sample_00,82e2fac_2,minimax,teacher_train,sample,False,-1,0.8152237071470075,0.10253583241455347,0.7283236994219653
82e2fac_2__minimax__sample_01,82e2fac_2,minimax,teacher_train,sample,True,2,0.9846384413638066,0.017384731670445956,0.9834710743801653
76f2c72_1__minimax__sample_07,76f2c72_1,minimax,teacher_train,sample,True,2,1.0,0.0,1.0
82e2fac_2__minimax__sample_02,82e2fac_2,minimax,teacher_train,sample,True,1,0.9996455157745481,0.0007092198581560284,1.0
82e2fac_2__minimax__sample_04,82e2fac_2,minimax,teacher_train,sample,True,1,0.9992498124531133,0.0,1.0
82e2fac_2__minimax__sample_03,82e2fac_2,minimax,teacher_train,sample,False,-1,0.9335753176043557,0.05750560119492158,0.7687074829931972
82e2fac_2__minimax__sample_05,82e2fac_2,minimax,teacher_train,sample,True,2,1.0,0.0,1.0
82e2fac_2__minimax__sample_07,82e2fac_2,minimax,teacher_train,sample,True,2,0.9961439588688946,0.002574002574002574,0.9859154929577465
82e2fac_2__minimax__sample_06,82e2fac_2,minimax,teacher_train,sample,False,-1,0.8445131375579599,0.032035175879396985,0.8212290502793296
82e2fac_3__minimax__greedy,82e2fac_3,minimax,teacher_train,greedy,True,2,1.0,0.0,1.0
82e2fac_3__minimax__sample_01,82e2fac_3,minimax,teacher_train,sample,True,2,1.0,0.0,1.0
82e2fac_3__minimax__sample_02,82e2fac_3,minimax,teacher_train,sample,True,2,1.0,0.0,1.0
82e2fac_3__minimax__sample_00,82e2fac_3,minimax,teacher_train,sample,True,2,1.0,0.0,1.0
82e2fac_3__minimax__sample_03,82e2fac_3,minimax,teacher_train,sample,False,-1,0.6833225178455549,0.002592352559948153,0.7848101265822784
82e2fac_3__minimax__sample_05,82e2fac_3,minimax,teacher_train,sample,True,2,0.9719176250334314,0.017497348886532343,0.9454545454545454
82e2fac_3__minimax__sample_04,82e2fac_3,minimax,teacher_train,sample,True,2,1.0,0.0,1.0
82e2fac_3__minimax__sample_07,82e2fac_3,minimax,teacher_train,sample,False,-1,0.9801040710131619,0.022910216718266253,0.9215686274509803
82e2fac_3__minimax__sample_06,82e2fac_3,minimax,teacher_train,sample,False,-1,0.8928,0.05598755832037325,0.7071823204419889
afc0fce_2__minimax__greedy,afc0fce_2,minimax,teacher_train,greedy,True,2,1.0,0.0,1.0
afc0fce_2__minimax__sample_02,afc0fce_2,minimax,teacher_train,sample,True,2,1.0,0.0,1.0
afc0fce_2__minimax__sample_04,afc0fce_2,minimax,teacher_train,sample,True,2,0.9996739484838605,0.0006523157208088715,1.0
afc0fce_2__minimax__sample_00,afc0fce_2,minimax,teacher_train,sample,False,-1,0.925947187141217,0.06444444444444444,0.8088235294117647
afc0fce_2__minimax__sample_01,afc0fce_2,minimax,teacher_train,sample,True,2,1.0,0.0,1.0
afc0fce_2__minimax__sample_03,afc0fce_2,minimax,teacher_train,sample,True,2,1.0,0.0,1.0
afc0fce_2__minimax__sample_05,afc0fce_2,minimax,teacher_train,sample,True,2,0.9924721469436917,0.01516990291262136,0.9727891156462585
ccb4494_1__minimax__greedy,ccb4494_1,minimax,teacher_train,greedy,False,-1,0.751357220412595,0.1619718309859155,0.6906474820143885
afc0fce_2__minimax__sample_06,afc0fce_2,minimax,teacher_train,sample,True,2,1.0,0.0,1.0
ccb4494_1__minimax__sample_02,ccb4494_1,minimax,teacher_train,sample,True,2,1.0,0.0,1.0
afc0fce_2__minimax__sample_07,afc0fce_2,minimax,teacher_train,sample,True,2,0.9952153110047847,0.0035317860746720484,0.9574468085106383
ccb4494_1__minimax__sample_00,ccb4494_1,minimax,teacher_train,sample,True,1,1.0,0.0,1.0
ccb4494_1__minimax__sample_01,ccb4494_1,minimax,teacher_train,sample,True,2,0.9990199281280627,0.001962066710268149,1.0
ccb4494_1__minimax__sample_03,ccb4494_1,minimax,teacher_train,sample,False,-1,0.7694412770809578,0.12686885946176849,0.5863636363636363
ccb4494_1__minimax__sample_05,ccb4494_1,minimax,teacher_train,sample,True,2,1.0,0.0,1.0
ccb4494_1__minimax__sample_04,ccb4494_1,minimax,teacher_train,sample,True,2,0.9992663242846662,0.0014684287812041115,1.0
ccb4494_1__minimax__sample_06,ccb4494_1,minimax,teacher_train,sample,True,2,0.9997063142437592,0.0005875440658049354,1.0
ccb4494_1__minimax__sample_07,ccb4494_1,minimax,teacher_train,sample,True,2,1.0,0.0,1.0
ccb4494_2__minimax__sample_00,ccb4494_2,minimax,teacher_train,sample,False,-1,0.5457194899817851,0.13138189244383935,0.539568345323741
ccb4494_2__minimax__greedy,ccb4494_2,minimax,teacher_train,greedy,True,2,1.0,0.0,1.0
ccb4494_2__minimax__sample_02,ccb4494_2,minimax,teacher_train,sample,False,-1,0.9750915750915751,0.0449438202247191,0.9369369369369369
ccb4494_2__minimax__sample_01,ccb4494_2,minimax,teacher_train,sample,True,1,1.0,0.0,1.0
ccb4494_2__minimax__sample_03,ccb4494_2,minimax,teacher_train,sample,True,1,1.0,0.0,1.0
ccb4494_2__minimax__sample_06,ccb4494_2,minimax,teacher_train,sample,True,2,0.9690656565656566,0.003795066413662239,0.9448275862068966
ccb4494_2__minimax__sample_04,ccb4494_2,minimax,teacher_train,sample,True,1,1.0,0.0,1.0
ccb4494_3__minimax__greedy,ccb4494_3,minimax,teacher_train,greedy,False,-1,0.9746031746031746,0.04953560371517028,0.9067796610169492
ccb4494_2__minimax__sample_05,ccb4494_2,minimax,teacher_train,sample,True,1,0.9988038277511961,0.0011968880909634949,1.0
ccb4494_2__minimax__sample_07,ccb4494_2,minimax,teacher_train,sample,False,-1,0.7635524798154556,0.20217729393468117,0.5469613259668509
ccb4494_3__minimax__sample_00,ccb4494_3,minimax,teacher_train,sample,False,-1,0.9806371018113679,0.03819223424570337,0.9477611940298507
ccb4494_3__minimax__sample_02,ccb4494_3,minimax,teacher_train,sample,True,2,1.0,0.0,1.0
ccb4494_3__minimax__sample_01,ccb4494_3,minimax,teacher_train,sample,True,2,0.9781591263650546,0.0010395010395010396,0.9150326797385621
ccb4494_3__minimax__sample_03,ccb4494_3,minimax,teacher_train,sample,False,-1,0.8230508474576271,0.1299638989169675,0.768595041322314
ccb4494_3__minimax__sample_05,ccb4494_3,minimax,teacher_train,sample,True,2,1.0,0.0,1.0
ccb4494_3__minimax__sample_06,ccb4494_3,minimax,teacher_train,sample,True,2,0.9991245987744383,0.0017523364485981308,1.0
ccb4494_3__minimax__sample_07,ccb4494_3,minimax,teacher_train,sample,True,2,1.0,0.0,1.0
ccb4494_3__minimax__sample_04,ccb4494_3,minimax,teacher_train,sample,False,-1,0.9170137776353733,0.031901041666666664,0.8702290076335878
cf6abd2_1__minimax__greedy,cf6abd2_1,minimax,teacher_train,greedy,True,1,1.0,0.0,1.0
cf6abd2_1__minimax__sample_01,cf6abd2_1,minimax,teacher_train,sample,True,2,1.0,0.0,1.0
cf6abd2_1__minimax__sample_00,cf6abd2_1,minimax,teacher_train,sample,True,2,1.0,0.0,1.0
cf6abd2_1__minimax__sample_02,cf6abd2_1,minimax,teacher_train,sample,True,2,0.9996545768566494,0.0006906077348066298,0.9831932773109243
cf6abd2_1__minimax__sample_03,cf6abd2_1,minimax,teacher_train,sample,False,-1,0.9422924901185771,0.035398230088495575,0.8990825688073395
cf6abd2_2__minimax__greedy,cf6abd2_2,minimax,teacher_train,greedy,True,2,1.0,0.0,1.0
cf6abd2_1__minimax__sample_07,cf6abd2_1,minimax,teacher_train,sample,True,2,1.0,0.0,1.0
cf6abd2_1__minimax__sample_04,cf6abd2_1,minimax,teacher_train,sample,True,1,0.9988186650915535,0.002365464222353637,1.0
cf6abd2_1__minimax__sample_05,cf6abd2_1,minimax,teacher_train,sample,True,1,0.9963076923076923,0.007357449417535254,0.9929577464788732
cf6abd2_2__minimax__sample_00,cf6abd2_2,minimax,teacher_train,sample,True,2,1.0,0.0,1.0
cf6abd2_1__minimax__sample_06,cf6abd2_1,minimax,teacher_train,sample,True,2,1.0,0.0,1.0
cf6abd2_2__minimax__sample_01,cf6abd2_2,minimax,teacher_train,sample,True,2,0.982135768161969,0.016813450760608487,0.9719626168224299
cf6abd2_2__minimax__sample_02,cf6abd2_2,minimax,teacher_train,sample,True,1,0.9957983193277311,0.008368200836820083,0.991304347826087
cf6abd2_2__minimax__sample_03,cf6abd2_2,minimax,teacher_train,sample,True,1,1.0,0.0,1.0
cf6abd2_2__minimax__sample_04,cf6abd2_2,minimax,teacher_train,sample,True,1,1.0,0.0,1.0
cf6abd2_2__minimax__sample_05,cf6abd2_2,minimax,teacher_train,sample,False,-1,0.5263157894736842,0.3228803716608595,0.4573170731707317
cf6abd2_2__minimax__sample_07,cf6abd2_2,minimax,teacher_train,sample,True,2,1.0,0.0,1.0
cf6abd2_2__minimax__sample_06,cf6abd2_2,minimax,teacher_train,sample,False,-1,0.6689293427954335,0.26498929336188437,0.4887640449438202
cf6abd2_3__minimax__sample_00,cf6abd2_3,minimax,teacher_train,sample,True,2,1.0,0.0,1.0
cf6abd2_3__minimax__greedy,cf6abd2_3,minimax,teacher_train,greedy,True,2,0.999216505615043,0.0015682174594877157,1.0
cf6abd2_3__minimax__sample_02,cf6abd2_3,minimax,teacher_train,sample,False,-1,0.6939297124600639,0.1812899477048228,0.6305732484076433
cf6abd2_3__minimax__sample_01,cf6abd2_3,minimax,teacher_train,sample,True,1,0.9949748743718593,0.0,1.0
cf6abd2_3__minimax__sample_03,cf6abd2_3,minimax,teacher_train,sample,True,1,0.999711066165848,0.0005777007510109763,0.9852941176470589
cf6abd2_3__minimax__sample_06,cf6abd2_3,minimax,teacher_train,sample,True,2,1.0,0.0,1.0
cf6abd2_3__minimax__sample_07,cf6abd2_3,minimax,teacher_train,sample,True,1,0.9995859213250518,0.0008278145695364238,0.9813084112149533
cf6abd2_3__minimax__sample_04,cf6abd2_3,minimax,teacher_train,sample,True,1,0.9619843623618226,0.003767491926803014,0.8789808917197452
cf6abd2_3__minimax__sample_05,cf6abd2_3,minimax,teacher_train,sample,True,1,0.99965858654831,0.0006830601092896175,1.0
e3d6c94_2__minimax__sample_00,e3d6c94_2,minimax,teacher_train,sample,False,-1,0.5096731154102735,0.11126760563380282,0.5217391304347826
e3d6c94_2__minimax__greedy,e3d6c94_2,minimax,teacher_train,greedy,False,-1,0.9399046104928458,0.06094364351245085,0.8633093525179856
e3d6c94_2__minimax__sample_04,e3d6c94_2,minimax,teacher_train,sample,False,-1,0.9084641899655305,0.014448669201520912,0.8712121212121212
e3d6c94_2__minimax__sample_01,e3d6c94_2,minimax,teacher_train,sample,True,1,1.0,0.0,1.0
e3d6c94_2__minimax__sample_02,e3d6c94_2,minimax,teacher_train,sample,True,2,0.9525155455059355,0.01825442099258414,0.879746835443038
e3d6c94_2__minimax__sample_03,e3d6c94_2,minimax,teacher_train,sample,False,-1,0.9777043765483072,0.04101123595505618,0.9794520547945206
e3d6c94_2__minimax__sample_05,e3d6c94_2,minimax,teacher_train,sample,True,2,1.0,0.0,1.0
e3d6c94_2__minimax__sample_06,e3d6c94_2,minimax,teacher_train,sample,True,2,1.0,0.0,1.0
e3d6c94_2__minimax__sample_07,e3d6c94_2,minimax,teacher_train,sample,False,-1,0.7222222222222222,0.2044334975369458,0.6917808219178082
e3d6c94_3__minimax__sample_00,e3d6c94_3,minimax,teacher_train,sample,True,2,0.9954578054028209,0.009125840537944284,0.9939024390243902
e3d6c94_3__minimax__greedy,e3d6c94_3,minimax,teacher_train,greedy,True,1,0.994127319708715,0.01086443079829948,1.0
e3d6c94_3__minimax__sample_01,e3d6c94_3,minimax,teacher_train,sample,True,2,1.0,0.0,1.0
e3d6c94_3__minimax__sample_02,e3d6c94_3,minimax,teacher_train,sample,False,-1,0.8495238095238096,0.23404255319148937,0.7942857142857143
e3d6c94_3__minimax__sample_05,e3d6c94_3,minimax,teacher_train,sample,False,-1,0.9742574257425742,0.03195635229929852,0.921875
e3d6c94_3__minimax__sample_06,e3d6c94_3,minimax,teacher_train,sample,False,-1,0.8543845534995977,0.12141057934508816,0.7714285714285715
e7a10f8_1__minimax__greedy,e7a10f8_1,minimax,teacher_train,greedy,True,2,1.0,0.0,1.0
e3d6c94_3__minimax__sample_04,e3d6c94_3,minimax,teacher_train,sample,True,2,0.9992992291520673,0.001402524544179523,1.0
e3d6c94_3__minimax__sample_07,e3d6c94_3,minimax,teacher_train,sample,False,-1,0.9312977099236641,0.060674157303370786,0.8978102189781022
e3d6c94_3__minimax__sample_03,e3d6c94_3,minimax,teacher_train,sample,True,1,0.9951934081025406,0.009659613615455382,1.0
e7a10f8_1__minimax__sample_00,e7a10f8_1,minimax,teacher_train,sample,True,2,1.0,0.0,1.0
e7a10f8_1__minimax__sample_05,e7a10f8_1,minimax,teacher_train,sample,True,1,0.9991445680068435,0.0017123287671232876,1.0
e7a10f8_1__minimax__sample_04,e7a10f8_1,minimax,teacher_train,sample,False,-1,0.7940835266821346,0.0023228803716608595,0.8031088082901554
e7a10f8_1__minimax__sample_03,e7a10f8_1,minimax,teacher_train,sample,True,2,1.0,0.0,1.0
e7a10f8_1__minimax__sample_02,e7a10f8_1,minimax,teacher_train,sample,True,1,1.0,0.0,1.0
e85d92a_1__minimax__greedy,e85d92a_1,minimax,teacher_train,greedy,True,2,0.9904175222450377,0.0013698630136986301,0.9712230215827338
e7a10f8_1__minimax__sample_01,e7a10f8_1,minimax,teacher_train,sample,True,2,0.9635004397537379,0.00706090026478376,0.9386792452830188
e85d92a_1__minimax__sample_02,e85d92a_1,minimax,teacher_train,sample,True,1,1.0,0.0,1.0
e85d92a_1__minimax__sample_01,e85d92a_1,minimax,teacher_train,sample,True,2,0.9845181674565561,0.006975269499048827,0.9694656488549618
e7a10f8_1__minimax__sample_06,e7a10f8_1,minimax,teacher_train,sample,True,2,0.9551521623064603,0.006427423674343867,0.8155339805825242
e85d92a_1__minimax__sample_00,e85d92a_1,minimax,teacher_train,sample,True,1,0.9741721854304636,0.010540184453227932,0.9432624113475178
e7a10f8_1__minimax__sample_07,e7a10f8_1,minimax,teacher_train,sample,False,-1,0.7021121631463948,0.12260711030082042,0.6796116504854369
e85d92a_1__minimax__sample_03,e85d92a_1,minimax,teacher_train,sample,False,-1,0.6997446187522802,0.07649122807017544,0.5771812080536913
e85d92a_1__minimax__sample_05,e85d92a_1,minimax,teacher_train,sample,True,2,0.9952949692363373,0.009365994236311239,1.0
e85d92a_1__minimax__sample_04,e85d92a_1,minimax,teacher_train,sample,True,2,1.0,0.0,1.0
e85d92a_3__minimax__greedy,e85d92a_3,minimax,teacher_train,greedy,True,2,0.9947423764458465,0.004919184820801124,0.9920634920634921
e85d92a_1__minimax__sample_06,e85d92a_1,minimax,teacher_train,sample,False,-1,0.9056291390728477,0.10086956521739131,0.7974683544303798
e85d92a_1__minimax__sample_07,e85d92a_1,minimax,teacher_train,sample,True,2,0.9961888009381413,0.007593457943925234,0.9925373134328358
e85d92a_3__minimax__sample_01,e85d92a_3,minimax,teacher_train,sample,True,2,1.0,0.0,1.0
e85d92a_3__minimax__sample_05,e85d92a_3,minimax,teacher_train,sample,True,2,0.9802744425385935,0.0,0.9813084112149533
e85d92a_3__minimax__sample_00,e85d92a_3,minimax,teacher_train,sample,True,1,1.0,0.0,1.0
e85d92a_3__minimax__sample_02,e85d92a_3,minimax,teacher_train,sample,False,-1,0.609939220593493,0.27876923076923077,0.5283018867924528
e85d92a_3__minimax__sample_03,e85d92a_3,minimax,teacher_train,sample,True,2,0.9972677595628415,0.002188183807439825,0.9934640522875817
e85d92a_3__minimax__sample_04,e85d92a_3,minimax,teacher_train,sample,True,1,1.0,0.0,1.0
e85d92a_3__minimax__sample_07,e85d92a_3,minimax,teacher_train,sample,True,2,1.0,0.0,1.0
e85d92a_3__minimax__sample_06,e85d92a_3,minimax,teacher_train,sample,False,-1,0.8186674163621029,0.010740531373657434,0.8855421686746988
024c982_2__minimax__sample_01,024c982_2,minimax,test_behavior,sample,True,2,1.0,0.0,1.0
024c982_2__minimax__sample_02,024c982_2,minimax,test_behavior,sample,True,2,1.0,0.0,1.0
024c982_2__minimax__greedy,024c982_2,minimax,test_behavior,greedy,True,2,1.0,0.0,1.0
024c982_2__minimax__sample_04,024c982_2,minimax,test_behavior,sample,True,2,1.0,0.0,1.0
024c982_2__minimax__sample_06,024c982_2,minimax,test_behavior,sample,True,2,1.0,0.0,1.0
024c982_2__minimax__sample_05,024c982_2,minimax,test_behavior,sample,True,2,1.0,0.0,1.0
024c982_2__minimax__sample_00,024c982_2,minimax,test_behavior,sample,False,-1,0.9185129553135561,0.03437738731856379,0.7758620689655172
024c982_2__minimax__sample_03,024c982_2,minimax,test_behavior,sample,True,1,1.0,0.0,1.0
024c982_3__minimax__sample_00,024c982_3,minimax,test_behavior,sample,False,-1,0.939975500204165,0.12771503040834056,0.9074074074074074
024c982_2__minimax__sample_07,024c982_2,minimax,test_behavior,sample,True,1,1.0,0.0,1.0
024c982_3__minimax__sample_01,024c982_3,minimax,test_behavior,sample,True,1,1.0,0.0,1.0
024c982_3__minimax__sample_02,024c982_3,minimax,test_behavior,sample,True,1,0.9794639749390881,0.011764705882352941,0.9621212121212122
024c982_3__minimax__sample_03,024c982_3,minimax,test_behavior,sample,True,2,1.0,0.0,1.0
024c982_3__minimax__greedy,024c982_3,minimax,test_behavior,greedy,False,-1,0.6152845528455284,0.05625790139064475,0.5827338129496403
024c982_3__minimax__sample_05,024c982_3,minimax,test_behavior,sample,True,2,0.999580008399832,0.0008403361344537816,1.0
024c982_3__minimax__sample_04,024c982_3,minimax,test_behavior,sample,False,-1,0.6002182611858857,0.03642857142857143,0.45569620253164556
024c982_3__minimax__sample_06,024c982_3,minimax,test_behavior,sample,True,2,1.0,0.0,1.0
024c982_3__minimax__sample_07,024c982_3,minimax,test_behavior,sample,False,-1,0.7501853224610823,0.08500772797527048,0.6643356643356644
09b0ee6_1__minimax__sample_00,09b0ee6_1,minimax,test_behavior,sample,False,-1,0.7879336349924585,0.08492201039861352,0.7716049382716049
09b0ee6_1__minimax__greedy,09b0ee6_1,minimax,test_behavior,greedy,True,2,0.9971231300345225,0.004592422502870264,0.98989898989899
09b0ee6_1__minimax__sample_03,09b0ee6_1,minimax,test_behavior,sample,True,2,1.0,0.0,1.0
09b0ee6_1__minimax__sample_01,09b0ee6_1,minimax,test_behavior,sample,False,-1,0.9116702355460385,0.07422680412371134,0.9178743961352657
09b0ee6_1__minimax__sample_02,09b0ee6_1,minimax,test_behavior,sample,False,-1,0.9037076553747666,0.06329113924050633,0.8727272727272727
09b0ee6_1__minimax__sample_05,09b0ee6_1,minimax,test_behavior,sample,True,2,0.9866243482203582,0.0022644927536231885,0.9857142857142858
09b0ee6_1__minimax__sample_04,09b0ee6_1,minimax,test_behavior,sample,True,2,0.9882777276825969,0.009057971014492754,0.9642857142857143
09b0ee6_1__minimax__sample_06,09b0ee6_1,minimax,test_behavior,sample,False,-1,0.9420142421159715,0.09218825812712275,0.9018691588785047
09b0ee6_2__minimax__greedy,09b0ee6_2,minimax,test_behavior,greedy,True,2,1.0,0.0,1.0
09b0ee6_2__minimax__sample_01,09b0ee6_2,minimax,test_behavior,sample,True,1,1.0,0.0,1.0
09b0ee6_1__minimax__sample_07,09b0ee6_1,minimax,test_behavior,sample,True,2,1.0,0.0,1.0
09b0ee6_2__minimax__sample_02,09b0ee6_2,minimax,test_behavior,sample,False,-1,0.95235837876274,0.039149347510874816,0.924901185770751
09b0ee6_2__minimax__sample_00,09b0ee6_2,minimax,test_behavior,sample,False,-1,0.8119310478404028,0.09342688330871492,0.8597785977859779
09b0ee6_2__minimax__sample_05,09b0ee6_2,minimax,test_behavior,sample,False,-1,0.6217058656843298,0.01887871853546911,0.7086956521739131
09b0ee6_2__minimax__sample_03,09b0ee6_2,minimax,test_behavior,sample,True,2,0.9997726756080928,0.00045475216007276033,1.0
09b0ee6_2__minimax__sample_06,09b0ee6_2,minimax,test_behavior,sample,False,-1,0.7868852459016393,0.07954545454545454,0.8849557522123894
09b0ee6_2__minimax__sample_04,09b0ee6_2,minimax,test_behavior,sample,True,2,1.0,0.0,1.0
1150ed6_2__minimax__greedy,1150ed6_2,minimax,test_behavior,greedy,False,-1,0.6527524132533263,0.1347931873479319,0.5989010989010989
1150ed6_2__minimax__sample_03,1150ed6_2,minimax,test_behavior,sample,False,-1,0.9413691451031772,0.03397734843437708,0.8787878787878788
1150ed6_2__minimax__sample_00,1150ed6_2,minimax,test_behavior,sample,True,2,0.9942767950052029,0.006224066390041493,0.9935897435897436
09b0ee6_2__minimax__sample_07,09b0ee6_2,minimax,test_behavior,sample,False,-1,0.5500794912559619,0.05564142194744977,0.890625
1150ed6_2__minimax__sample_02,1150ed6_2,minimax,test_behavior,sample,True,2,0.9805269186712485,0.008050603795284647,0.9629629629629629
1150ed6_2__minimax__sample_04,1150ed6_2,minimax,test_behavior,sample,True,2,0.999177406087195,0.001646542261251372,1.0
1150ed6_2__minimax__sample_05,1150ed6_2,minimax,test_behavior,sample,True,1,0.9997064866451424,0.0005871990604815032,1.0
1150ed6_2__minimax__sample_01,1150ed6_2,minimax,test_behavior,sample,False,-1,0.7677403729716639,0.18025561921551345,0.6559139784946236
13547f5_3__minimax__sample_00,13547f5_3,minimax,test_behavior,sample,True,1,1.0,0.0,1.0
1150ed6_2__minimax__sample_06,1150ed6_2,minimax,test_behavior,sample,False,-1,0.9497390826695963,0.04457572502685284,0.8580246913580247
1150ed6_2__minimax__sample_07,1150ed6_2,minimax,test_behavior,sample,False,-1,0.9460334592552617,0.007583965330444204,0.85625
13547f5_3__minimax__sample_02,13547f5_3,minimax,test_behavior,sample,True,1,0.9572591587516961,0.01366120218579235,0.9212598425196851
13547f5_3__minimax__greedy,13547f5_3,minimax,test_behavior,greedy,True,2,1.0,0.0,1.0
13547f5_3__minimax__sample_04,13547f5_3,minimax,test_behavior,sample,True,1,1.0,0.0,1.0
13547f5_3__minimax__sample_01,13547f5_3,minimax,test_behavior,sample,True,1,0.9859980462390101,0.011010362694300517,0.9629629629629629
13547f5_3__minimax__sample_03,13547f5_3,minimax,test_behavior,sample,False,-1,0.5822868473231989,0.01963350785340314,0.7466666666666667
13547f5_3__minimax__sample_05,13547f5_3,minimax,test_behavior,sample,False,-1,0.9860950173812283,0.0282021151586369,0.9652777777777778
166f4ff_1__minimax__greedy,166f4ff_1,minimax,test_behavior,greedy,True,2,0.985362095531587,0.003076923076923077,0.9074074074074074
13547f5_3__minimax__sample_07,13547f5_3,minimax,test_behavior,sample,True,2,0.9908691241122759,0.007412398921832884,0.9819819819819819
13547f5_3__minimax__sample_06,13547f5_3,minimax,test_behavior,sample,True,2,1.0,0.0,1.0
166f4ff_1__minimax__sample_02,166f4ff_1,minimax,test_behavior,sample,False,-1,0.694059848146494,0.01682905225863596,0.7207207207207207
166f4ff_1__minimax__sample_01,166f4ff_1,minimax,test_behavior,sample,False,-1,0.6919564453811029,0.044642857142857144,0.7210884353741497
166f4ff_1__minimax__sample_03,166f4ff_1,minimax,test_behavior,sample,True,1,0.9512793550648441,0.006289308176100629,0.907563025210084
166f4ff_1__minimax__sample_00,166f4ff_1,minimax,test_behavior,sample,True,2,0.9988553987027852,0.002291825821237586,1.0
166f4ff_1__minimax__sample_06,166f4ff_1,minimax,test_behavior,sample,True,2,1.0,0.0,1.0
166f4ff_1__minimax__sample_05,166f4ff_1,minimax,test_behavior,sample,False,-1,0.4950711938663746,0.368671828469327,0.6283783783783784
166f4ff_2__minimax__greedy,166f4ff_2,minimax,test_behavior,greedy,True,1,1.0,0.0,1.0
166f4ff_1__minimax__sample_04,166f4ff_1,minimax,test_behavior,sample,True,1,1.0,0.0,1.0
166f4ff_2__minimax__sample_00,166f4ff_2,minimax,test_behavior,sample,False,-1,0.6319543509272468,0.10284167794316644,0.6470588235294118
166f4ff_2__minimax__sample_03,166f4ff_2,minimax,test_behavior,sample,True,1,0.957630037891836,0.01038781163434903,0.9482758620689655
166f4ff_1__minimax__sample_07,166f4ff_1,minimax,test_behavior,sample,False,-1,0.897171381031614,0.03590785907859079,0.9344262295081968
166f4ff_2__minimax__sample_02,166f4ff_2,minimax,test_behavior,sample,True,2,1.0,0.0,1.0
166f4ff_2__minimax__sample_05,166f4ff_2,minimax,test_behavior,sample,False,-1,0.8516223113379512,0.05046197583511016,0.6802721088435374
166f4ff_2__minimax__sample_06,166f4ff_2,minimax,test_behavior,sample,True,2,1.0,0.0,1.0
166f4ff_2__minimax__sample_01,166f4ff_2,minimax,test_behavior,sample,True,2,0.9641125121241513,0.014762516046213094,0.8803418803418803
166f4ff_3__minimax__sample_01,166f4ff_3,minimax,test_behavior,sample,True,2,0.9985528219971056,0.002898550724637681,1.0
166f4ff_2__minimax__sample_04,166f4ff_2,minimax,test_behavior,sample,True,2,1.0,0.0,1.0
166f4ff_2__minimax__sample_07,166f4ff_2,minimax,test_behavior,sample,True,2,1.0,0.0,1.0
166f4ff_3__minimax__sample_02,166f4ff_3,minimax,test_behavior,sample,True,2,1.0,0.0,1.0
166f4ff_3__minimax__greedy,166f4ff_3,minimax,test_behavior,greedy,True,2,1.0,0.0,1.0
166f4ff_3__minimax__sample_05,166f4ff_3,minimax,test_behavior,sample,True,1,1.0,0.0,1.0
166f4ff_3__minimax__sample_00,166f4ff_3,minimax,test_behavior,sample,True,2,1.0,0.0,1.0
166f4ff_3__minimax__sample_03,166f4ff_3,minimax,test_behavior,sample,True,2,1.0,0.0,1.0
166f4ff_3__minimax__sample_06,166f4ff_3,minimax,test_behavior,sample,True,2,0.9638480392156863,0.014814814814814815,0.8235294117647058
21abae1_1__minimax__greedy,21abae1_1,minimax,test_behavior,greedy,True,1,1.0,0.0,1.0
21abae1_1__minimax__sample_00,21abae1_1,minimax,test_behavior,sample,True,2,0.9948364888123924,0.0017196904557179708,0.9661016949152542
166f4ff_3__minimax__sample_04,166f4ff_3,minimax,test_behavior,sample,True,2,1.0,0.0,1.0
21abae1_1__minimax__sample_02,21abae1_1,minimax,test_behavior,sample,True,1,0.9853281853281853,0.012279355333844973,0.9761904761904762
166f4ff_3__minimax__sample_07,166f4ff_3,minimax,test_behavior,sample,False,-1,0.6941972232111071,0.09945872801082543,0.5608108108108109
21abae1_1__minimax__sample_04,21abae1_1,minimax,test_behavior,sample,False,-1,0.8449122807017544,0.028469750889679714,0.851063829787234
21abae1_1__minimax__sample_01,21abae1_1,minimax,test_behavior,sample,False,-1,0.806429070580014,0.0675219446320054,0.6888888888888889
21abae1_1__minimax__sample_07,21abae1_1,minimax,test_behavior,sample,True,1,0.9660643455266638,0.00264783759929391,0.9252336448598131
21abae1_1__minimax__sample_05,21abae1_1,minimax,test_behavior,sample,True,2,1.0,0.0,1.0
21abae1_1__minimax__sample_06,21abae1_1,minimax,test_behavior,sample,True,2,1.0,0.0,1.0
21abae1_1__minimax__sample_03,21abae1_1,minimax,test_behavior,sample,True,1,1.0,0.0,1.0
21abae1_2__minimax__greedy,21abae1_2,minimax,test_behavior,greedy,True,2,1.0,0.0,1.0
21abae1_2__minimax__sample_01,21abae1_2,minimax,test_behavior,sample,False,-1,0.9037467700258398,0.039525691699604744,0.952
21abae1_2__minimax__sample_00,21abae1_2,minimax,test_behavior,sample,True,2,1.0,0.0,1.0
21abae1_2__minimax__sample_04,21abae1_2,minimax,test_behavior,sample,True,2,0.999581764951903,0.0008361204013377926,0.9801980198019802
21abae1_2__minimax__sample_03,21abae1_2,minimax,test_behavior,sample,False,-1,0.9034582132564841,0.02700781805259417,0.7956204379562044
21abae1_2__minimax__sample_05,21abae1_2,minimax,test_behavior,sample,True,1,1.0,0.0,1.0
21abae1_2__minimax__sample_02,21abae1_2,minimax,test_behavior,sample,True,2,1.0,0.0,1.0
21abae1_2__minimax__sample_07,21abae1_2,minimax,test_behavior,sample,True,2,1.0,0.0,1.0
21abae1_3__minimax__sample_00,21abae1_3,minimax,test_behavior,sample,False,-1,0.6317103620474407,0.23697725605282466,0.45985401459854014
21abae1_3__minimax__greedy,21abae1_3,minimax,test_behavior,greedy,True,2,1.0,0.0,1.0
21abae1_2__minimax__sample_06,21abae1_2,minimax,test_behavior,sample,True,2,1.0,0.0,1.0
21abae1_3__minimax__sample_03,21abae1_3,minimax,test_behavior,sample,True,2,1.0,0.0,1.0
21abae1_3__minimax__sample_02,21abae1_3,minimax,test_behavior,sample,True,1,0.9996983408748115,0.0006031363088057901,1.0
21abae1_3__minimax__sample_05,21abae1_3,minimax,test_behavior,sample,True,2,1.0,0.0,1.0
21abae1_3__minimax__sample_07,21abae1_3,minimax,test_behavior,sample,True,2,1.0,0.0,1.0
21abae1_3__minimax__sample_01,21abae1_3,minimax,test_behavior,sample,False,-1,0.9895658027600135,0.02108843537414966,1.0
21abae1_3__minimax__sample_06,21abae1_3,minimax,test_behavior,sample,True,2,1.0,0.0,1.0
21abae1_3__minimax__sample_04,21abae1_3,minimax,test_behavior,sample,True,2,1.0,0.0,1.0
