context_id,budget,source_agent,target_agent,action_match_self,action_match_cross,task_drop,policy_divergence
longmemeval::f0853d11,128,A_react,A_plan,1.0,1.0,0.0,1.0
longmemeval::f0853d11,128,A_react,A_cot,0.0,0.0,0.0,1.0
longmemeval::f0853d11,128,A_plan,A_react,0.0,1.0,-1.0,0.9375
longmemeval::f0853d11,128,A_plan,A_cot,0.0,0.0,0.0,1.0
longmemeval::f0853d11,128,A_cot,A_react,0.0,0.0,0.0,1.0
longmemeval::f0853d11,128,A_cot,A_plan,1.0,0.0,1.0,1.0
longmemeval::f0853d11,256,A_react,A_plan,0.0,0.0,0.0,1.0
longmemeval::f0853d11,256,A_react,A_cot,1.0,0.0,1.0,1.0
longmemeval::f0853d11,256,A_plan,A_react,0.0,0.0,0.0,0.9375
longmemeval::f0853d11,256,A_plan,A_cot,1.0,0.0,1.0,1.0
longmemeval::f0853d11,256,A_cot,A_react,0.0,0.0,0.0,1.0
longmemeval::f0853d11,256,A_cot,A_plan,0.0,1.0,-1.0,1.0
longmemeval::f0853d11,512,A_react,A_plan,0.0,0.0,0.0,1.0
longmemeval::f0853d11,512,A_react,A_cot,0.0,0.0,0.0,1.0
longmemeval::f0853d11,512,A_plan,A_react,0.0,0.0,0.0,0.9375
longmemeval::f0853d11,512,A_plan,A_cot,0.0,0.0,0.0,1.0
longmemeval::f0853d11,512,A_cot,A_react,0.0,0.0,0.0,1.0
longmemeval::f0853d11,512,A_cot,A_plan,0.0,0.0,0.0,1.0
longmemeval::f0853d11,1024,A_react,A_plan,1.0,1.0,0.0,1.0
longmemeval::f0853d11,1024,A_react,A_cot,1.0,1.0,0.0,1.0
longmemeval::f0853d11,1024,A_plan,A_react,0.0,1.0,-1.0,0.9375
longmemeval::f0853d11,1024,A_plan,A_cot,1.0,1.0,0.0,1.0
longmemeval::f0853d11,1024,A_cot,A_react,0.0,0.0,0.0,1.0
longmemeval::f0853d11,1024,A_cot,A_plan,1.0,1.0,0.0,1.0
longmemeval::gpt4_6ed717ea,128,A_react,A_plan,0.0,0.0,0.0,0.9375
longmemeval::gpt4_6ed717ea,128,A_react,A_cot,0.0,0.0,0.0,1.0
longmemeval::gpt4_6ed717ea,128,A_plan,A_react,0.0,1.0,-1.0,0.8125
longmemeval::gpt4_6ed717ea,128,A_plan,A_cot,0.0,0.0,0.0,1.0
longmemeval::gpt4_6ed717ea,128,A_cot,A_react,0.0,0.0,0.0,1.0
longmemeval::gpt4_6ed717ea,128,A_cot,A_plan,0.0,0.0,0.0,1.0
longmemeval::gpt4_6ed717ea,256,A_react,A_plan,0.0,0.0,0.0,0.9375
longmemeval::gpt4_6ed717ea,256,A_react,A_cot,0.0,0.0,0.0,1.0
longmemeval::gpt4_6ed717ea,256,A_plan,A_react,0.0,1.0,-1.0,0.8125
longmemeval::gpt4_6ed717ea,256,A_plan,A_cot,0.0,0.0,0.0,1.0
longmemeval::gpt4_6ed717ea,256,A_cot,A_react,0.0,0.0,0.0,1.0
longmemeval::gpt4_6ed717ea,256,A_cot,A_plan,0.0,0.0,0.0,1.0
longmemeval::gpt4_6ed717ea,512,A_react,A_plan,0.0,0.0,0.0,0.9375
longmemeval::gpt4_6ed717ea,512,A_react,A_cot,0.0,0.0,0.0,1.0
longmemeval::gpt4_6ed717ea,512,A_plan,A_react,0.0,0.0,0.0,0.8125
longmemeval::gpt4_6ed717ea,512,A_plan,A_cot,0.0,0.0,0.0,1.0
longmemeval::gpt4_6ed717ea,512,A_cot,A_react,1.0,0.0,1.0,1.0
longmemeval::gpt4_6ed717ea,512,A_cot,A_plan,0.0,0.0,0.0,1.0
longmemeval::gpt4_6ed717ea,1024,A_react,A_plan,0.0,0.0,0.0,0.9375
longmemeval::gpt4_6ed717ea,1024,A_react,A_cot,0.0,0.0,0.0,1.0
longmemeval::gpt4_6ed717ea,1024,A_plan,A_react,0.0,0.0,0.0,0.8125
longmemeval::gpt4_6ed717ea,1024,A_plan,A_cot,0.0,0.0,0.0,1.0
longmemeval::gpt4_6ed717ea,1024,A_cot,A_react,0.0,0.0,0.0,1.0
longmemeval::gpt4_6ed717ea,1024,A_cot,A_plan,0.0,0.0,0.0,1.0
longmemeval::a3838d2b,128,A_react,A_plan,0.0,0.0,0.0,1.0
longmemeval::a3838d2b,128,A_react,A_cot,0.0,0.0,0.0,1.0
longmemeval::a3838d2b,128,A_plan,A_react,0.0,0.0,0.0,1.0
longmemeval::a3838d2b,128,A_plan,A_cot,0.0,0.0,0.0,1.0
longmemeval::a3838d2b,128,A_cot,A_react,0.0,0.0,0.0,0.0
longmemeval::a3838d2b,128,A_cot,A_plan,0.0,0.0,0.0,1.0
longmemeval::a3838d2b,256,A_react,A_plan,0.0,0.0,0.0,1.0
longmemeval::a3838d2b,256,A_react,A_cot,0.0,0.0,0.0,1.0
longmemeval::a3838d2b,256,A_plan,A_react,0.0,0.0,0.0,1.0
longmemeval::a3838d2b,256,A_plan,A_cot,0.0,0.0,0.0,1.0
longmemeval::a3838d2b,256,A_cot,A_react,0.0,0.0,0.0,0.0
longmemeval::a3838d2b,256,A_cot,A_plan,0.0,0.0,0.0,1.0
longmemeval::a3838d2b,512,A_react,A_plan,0.0,0.0,0.0,1.0
longmemeval::a3838d2b,512,A_react,A_cot,0.0,0.0,0.0,1.0
longmemeval::a3838d2b,512,A_plan,A_react,0.0,0.0,0.0,1.0
longmemeval::a3838d2b,512,A_plan,A_cot,0.0,0.0,0.0,1.0
longmemeval::a3838d2b,512,A_cot,A_react,0.0,0.0,0.0,0.0
longmemeval::a3838d2b,512,A_cot,A_plan,0.0,0.0,0.0,1.0
longmemeval::a3838d2b,1024,A_react,A_plan,0.0,0.0,0.0,1.0
longmemeval::a3838d2b,1024,A_react,A_cot,0.0,0.0,0.0,1.0
longmemeval::a3838d2b,1024,A_plan,A_react,0.0,0.0,0.0,1.0
longmemeval::a3838d2b,1024,A_plan,A_cot,0.0,0.0,0.0,1.0
longmemeval::a3838d2b,1024,A_cot,A_react,0.0,0.0,0.0,0.0
longmemeval::a3838d2b,1024,A_cot,A_plan,0.0,0.0,0.0,1.0
longmemeval::gpt4_93159ced,128,A_react,A_plan,1.0,0.0,1.0,0.8666666666666667
longmemeval::gpt4_93159ced,128,A_react,A_cot,0.0,0.0,0.0,0.5625
longmemeval::gpt4_93159ced,128,A_plan,A_react,0.0,0.0,0.0,1.0
longmemeval::gpt4_93159ced,128,A_plan,A_cot,0.0,0.0,0.0,1.0
longmemeval::gpt4_93159ced,128,A_cot,A_react,0.0,0.0,0.0,0.5625
longmemeval::gpt4_93159ced,128,A_cot,A_plan,1.0,0.0,1.0,0.375
longmemeval::gpt4_93159ced,256,A_react,A_plan,0.0,0.0,0.0,0.8666666666666667
longmemeval::gpt4_93159ced,256,A_react,A_cot,0.0,0.0,0.0,0.5625
longmemeval::gpt4_93159ced,256,A_plan,A_react,0.0,0.0,0.0,1.0
longmemeval::gpt4_93159ced,256,A_plan,A_cot,0.0,0.0,0.0,1.0
longmemeval::gpt4_93159ced,256,A_cot,A_react,0.0,0.0,0.0,0.5625
longmemeval::gpt4_93159ced,256,A_cot,A_plan,0.0,0.0,0.0,0.375
longmemeval::gpt4_93159ced,512,A_react,A_plan,0.0,0.0,0.0,0.8666666666666667
longmemeval::gpt4_93159ced,512,A_react,A_cot,0.0,0.0,0.0,0.5625
longmemeval::gpt4_93159ced,512,A_plan,A_react,0.0,0.0,0.0,1.0
longmemeval::gpt4_93159ced,512,A_plan,A_cot,0.0,0.0,0.0,1.0
longmemeval::gpt4_93159ced,512,A_cot,A_react,0.0,0.0,0.0,0.5625
longmemeval::gpt4_93159ced,512,A_cot,A_plan,0.0,0.0,0.0,0.375
longmemeval::gpt4_93159ced,1024,A_react,A_plan,0.0,0.0,0.0,0.8666666666666667
longmemeval::gpt4_93159ced,1024,A_react,A_cot,0.0,0.0,0.0,0.5625
longmemeval::gpt4_93159ced,1024,A_plan,A_react,0.0,0.0,0.0,1.0
longmemeval::gpt4_93159ced,1024,A_plan,A_cot,0.0,0.0,0.0,1.0
longmemeval::gpt4_93159ced,1024,A_cot,A_react,0.0,0.0,0.0,0.5625
longmemeval::gpt4_93159ced,1024,A_cot,A_plan,0.0,0.0,0.0,0.375
longmemeval::6613b389,128,A_react,A_plan,0.0,0.0,0.0,0.875
longmemeval::6613b389,128,A_react,A_cot,0.0,0.0,0.0,1.0
longmemeval::6613b389,128,A_plan,A_react,1.0,1.0,0.0,0.9999999999999999
longmemeval::6613b389,128,A_plan,A_cot,0.0,0.0,0.0,0.625
longmemeval::6613b389,128,A_cot,A_react,1.0,0.0,1.0,0.6875
longmemeval::6613b389,128,A_cot,A_plan,0.0,0.0,0.0,0.7333333333333333
longmemeval::6613b389,256,A_react,A_plan,0.0,0.0,0.0,0.875
longmemeval::6613b389,256,A_react,A_cot,0.0,0.0,0.0,1.0
longmemeval::6613b389,256,A_plan,A_react,0.0,1.0,-1.0,0.9999999999999999
longmemeval::6613b389,256,A_plan,A_cot,0.0,0.0,0.0,0.625
longmemeval::6613b389,256,A_cot,A_react,0.0,0.0,0.0,0.6875
longmemeval::6613b389,256,A_cot,A_plan,0.0,0.0,0.0,0.7333333333333333
longmemeval::6613b389,512,A_react,A_plan,0.0,0.0,0.0,0.875
longmemeval::6613b389,512,A_react,A_cot,0.0,0.0,0.0,1.0
longmemeval::6613b389,512,A_plan,A_react,1.0,0.0,1.0,0.9999999999999999
longmemeval::6613b389,512,A_plan,A_cot,0.0,0.0,0.0,0.625
longmemeval::6613b389,512,A_cot,A_react,1.0,0.0,1.0,0.6875
longmemeval::6613b389,512,A_cot,A_plan,0.0,0.0,0.0,0.7333333333333333
longmemeval::6613b389,1024,A_react,A_plan,0.0,0.0,0.0,0.875
longmemeval::6613b389,1024,A_react,A_cot,0.0,0.0,0.0,1.0
longmemeval::6613b389,1024,A_plan,A_react,0.0,0.0,0.0,0.9999999999999999
longmemeval::6613b389,1024,A_plan,A_cot,0.0,0.0,0.0,0.625
longmemeval::6613b389,1024,A_cot,A_react,1.0,1.0,0.0,0.6875
longmemeval::6613b389,1024,A_cot,A_plan,0.0,0.0,0.0,0.7333333333333333
longmemeval::gpt4_1a1dc16d,128,A_react,A_plan,0.0,0.0,0.0,1.0
longmemeval::gpt4_1a1dc16d,128,A_react,A_cot,0.0,0.0,0.0,0.4375
longmemeval::gpt4_1a1dc16d,128,A_plan,A_react,0.0,0.0,0.0,0.375
longmemeval::gpt4_1a1dc16d,128,A_plan,A_cot,0.0,0.0,0.0,1.0
longmemeval::gpt4_1a1dc16d,128,A_cot,A_react,0.0,0.0,0.0,1.0
longmemeval::gpt4_1a1dc16d,128,A_cot,A_plan,0.0,0.0,0.0,1.0
longmemeval::gpt4_1a1dc16d,256,A_react,A_plan,0.0,0.0,0.0,1.0
longmemeval::gpt4_1a1dc16d,256,A_react,A_cot,0.0,0.0,0.0,0.4375
longmemeval::gpt4_1a1dc16d,256,A_plan,A_react,0.0,0.0,0.0,0.375
longmemeval::gpt4_1a1dc16d,256,A_plan,A_cot,0.0,0.0,0.0,1.0
longmemeval::gpt4_1a1dc16d,256,A_cot,A_react,0.0,0.0,0.0,1.0
longmemeval::gpt4_1a1dc16d,256,A_cot,A_plan,0.0,0.0,0.0,1.0
longmemeval::gpt4_1a1dc16d,512,A_react,A_plan,0.0,0.0,0.0,1.0
longmemeval::gpt4_1a1dc16d,512,A_react,A_cot,0.0,0.0,0.0,0.4375
longmemeval::gpt4_1a1dc16d,512,A_plan,A_react,0.0,1.0,-1.0,0.375
longmemeval::gpt4_1a1dc16d,512,A_plan,A_cot,0.0,0.0,0.0,1.0
longmemeval::gpt4_1a1dc16d,512,A_cot,A_react,0.0,1.0,-1.0,1.0
longmemeval::gpt4_1a1dc16d,512,A_cot,A_plan,1.0,0.0,1.0,1.0
longmemeval::gpt4_1a1dc16d,1024,A_react,A_plan,0.0,1.0,-1.0,1.0
longmemeval::gpt4_1a1dc16d,1024,A_react,A_cot,0.0,0.0,0.0,0.4375
longmemeval::gpt4_1a1dc16d,1024,A_plan,A_react,0.0,0.0,0.0,0.375
longmemeval::gpt4_1a1dc16d,1024,A_plan,A_cot,0.0,0.0,0.0,1.0
longmemeval::gpt4_1a1dc16d,1024,A_cot,A_react,0.0,0.0,0.0,1.0
longmemeval::gpt4_1a1dc16d,1024,A_cot,A_plan,0.0,0.0,0.0,1.0
longmemeval::gpt4_fe651585,128,A_react,A_plan,0.0,0.0,0.0,1.0
longmemeval::gpt4_fe651585,128,A_react,A_cot,0.0,0.0,0.0,1.0
longmemeval::gpt4_fe651585,128,A_plan,A_react,0.0,0.0,0.0,1.0
longmemeval::gpt4_fe651585,128,A_plan,A_cot,0.0,0.0,0.0,1.0
longmemeval::gpt4_fe651585,128,A_cot,A_react,0.0,0.0,0.0,0.875
longmemeval::gpt4_fe651585,128,A_cot,A_plan,0.0,0.0,0.0,0.625
longmemeval::gpt4_fe651585,256,A_react,A_plan,0.0,0.0,0.0,1.0
longmemeval::gpt4_fe651585,256,A_react,A_cot,0.0,0.0,0.0,1.0
longmemeval::gpt4_fe651585,256,A_plan,A_react,0.0,0.0,0.0,1.0
longmemeval::gpt4_fe651585,256,A_plan,A_cot,0.0,0.0,0.0,1.0
longmemeval::gpt4_fe651585,256,A_cot,A_react,0.0,0.0,0.0,0.875
longmemeval::gpt4_fe651585,256,A_cot,A_plan,0.0,0.0,0.0,0.625
longmemeval::gpt4_fe651585,512,A_react,A_plan,0.0,0.0,0.0,1.0
longmemeval::gpt4_fe651585,512,A_react,A_cot,0.0,0.0,0.0,1.0
longmemeval::gpt4_fe651585,512,A_plan,A_react,0.0,0.0,0.0,1.0
longmemeval::gpt4_fe651585,512,A_plan,A_cot,0.0,0.0,0.0,1.0
longmemeval::gpt4_fe651585,512,A_cot,A_react,0.0,0.0,0.0,0.875
longmemeval::gpt4_fe651585,512,A_cot,A_plan,0.0,0.0,0.0,0.625
longmemeval::gpt4_fe651585,1024,A_react,A_plan,0.0,0.0,0.0,1.0
longmemeval::gpt4_fe651585,1024,A_react,A_cot,0.0,0.0,0.0,1.0
longmemeval::gpt4_fe651585,1024,A_plan,A_react,0.0,0.0,0.0,1.0
longmemeval::gpt4_fe651585,1024,A_plan,A_cot,0.0,0.0,0.0,1.0
longmemeval::gpt4_fe651585,1024,A_cot,A_react,0.0,0.0,0.0,0.875
longmemeval::gpt4_fe651585,1024,A_cot,A_plan,0.0,0.0,0.0,0.625
longmemeval::c8090214_abs,128,A_react,A_plan,0.0,0.0,0.0,1.0
longmemeval::c8090214_abs,128,A_react,A_cot,0.0,0.0,0.0,1.0
longmemeval::c8090214_abs,128,A_plan,A_react,0.0,0.0,0.0,0.1875
longmemeval::c8090214_abs,128,A_plan,A_cot,0.0,0.0,0.0,1.0
longmemeval::c8090214_abs,128,A_cot,A_react,0.0,0.0,0.0,1.0
longmemeval::c8090214_abs,128,A_cot,A_plan,0.0,0.0,0.0,1.0
longmemeval::c8090214_abs,256,A_react,A_plan,0.0,0.0,0.0,1.0
longmemeval::c8090214_abs,256,A_react,A_cot,0.0,0.0,0.0,1.0
longmemeval::c8090214_abs,256,A_plan,A_react,0.0,0.0,0.0,0.1875
longmemeval::c8090214_abs,256,A_plan,A_cot,0.0,0.0,0.0,1.0
longmemeval::c8090214_abs,256,A_cot,A_react,0.0,0.0,0.0,1.0
longmemeval::c8090214_abs,256,A_cot,A_plan,0.0,0.0,0.0,1.0
longmemeval::c8090214_abs,512,A_react,A_plan,0.0,0.0,0.0,1.0
longmemeval::c8090214_abs,512,A_react,A_cot,0.0,0.0,0.0,1.0
longmemeval::c8090214_abs,512,A_plan,A_react,0.0,0.0,0.0,0.1875
longmemeval::c8090214_abs,512,A_plan,A_cot,0.0,0.0,0.0,1.0
longmemeval::c8090214_abs,512,A_cot,A_react,0.0,0.0,0.0,1.0
longmemeval::c8090214_abs,512,A_cot,A_plan,0.0,0.0,0.0,1.0
longmemeval::c8090214_abs,1024,A_react,A_plan,0.0,0.0,0.0,1.0
longmemeval::c8090214_abs,1024,A_react,A_cot,0.0,0.0,0.0,1.0
longmemeval::c8090214_abs,1024,A_plan,A_react,0.0,0.0,0.0,0.1875
longmemeval::c8090214_abs,1024,A_plan,A_cot,0.0,0.0,0.0,1.0
longmemeval::c8090214_abs,1024,A_cot,A_react,0.0,0.0,0.0,1.0
longmemeval::c8090214_abs,1024,A_cot,A_plan,0.0,0.0,0.0,1.0
longmemeval::gpt4_a56e767c,128,A_react,A_plan,0.0,0.0,0.0,1.0
longmemeval::gpt4_a56e767c,128,A_react,A_cot,0.0,0.0,0.0,1.0
longmemeval::gpt4_a56e767c,128,A_plan,A_react,0.0,0.0,0.0,0.6875
longmemeval::gpt4_a56e767c,128,A_plan,A_cot,0.0,0.0,0.0,1.0
longmemeval::gpt4_a56e767c,128,A_cot,A_react,0.0,0.0,0.0,1.0
longmemeval::gpt4_a56e767c,128,A_cot,A_plan,0.0,0.0,0.0,1.0
longmemeval::gpt4_a56e767c,256,A_react,A_plan,1.0,0.0,1.0,1.0
longmemeval::gpt4_a56e767c,256,A_react,A_cot,0.0,0.0,0.0,1.0
longmemeval::gpt4_a56e767c,256,A_plan,A_react,0.0,0.0,0.0,0.6875
longmemeval::gpt4_a56e767c,256,A_plan,A_cot,0.0,0.0,0.0,1.0
longmemeval::gpt4_a56e767c,256,A_cot,A_react,0.0,0.0,0.0,1.0
longmemeval::gpt4_a56e767c,256,A_cot,A_plan,1.0,1.0,0.0,1.0
longmemeval::gpt4_a56e767c,512,A_react,A_plan,1.0,0.0,1.0,1.0
longmemeval::gpt4_a56e767c,512,A_react,A_cot,0.0,0.0,0.0,1.0
longmemeval::gpt4_a56e767c,512,A_plan,A_react,0.0,0.0,0.0,0.6875
longmemeval::gpt4_a56e767c,512,A_plan,A_cot,0.0,0.0,0.0,1.0
longmemeval::gpt4_a56e767c,512,A_cot,A_react,0.0,0.0,0.0,1.0
longmemeval::gpt4_a56e767c,512,A_cot,A_plan,1.0,0.0,1.0,1.0
longmemeval::gpt4_a56e767c,1024,A_react,A_plan,0.0,0.0,0.0,1.0
longmemeval::gpt4_a56e767c,1024,A_react,A_cot,0.0,0.0,0.0,1.0
longmemeval::gpt4_a56e767c,1024,A_plan,A_react,0.0,0.0,0.0,0.6875
longmemeval::gpt4_a56e767c,1024,A_plan,A_cot,0.0,0.0,0.0,1.0
longmemeval::gpt4_a56e767c,1024,A_cot,A_react,0.0,0.0,0.0,1.0
longmemeval::gpt4_a56e767c,1024,A_cot,A_plan,0.0,1.0,-1.0,1.0
longmemeval::d851d5ba,128,A_react,A_plan,0.0,0.0,0.0,0.4375
longmemeval::d851d5ba,128,A_react,A_cot,0.0,0.0,0.0,0.9375
longmemeval::d851d5ba,128,A_plan,A_react,0.0,0.0,0.0,0.5625
longmemeval::d851d5ba,128,A_plan,A_cot,0.0,0.0,0.0,0.9375
longmemeval::d851d5ba,128,A_cot,A_react,0.0,0.0,0.0,0.5625
longmemeval::d851d5ba,128,A_cot,A_plan,0.0,0.0,0.0,1.0
longmemeval::d851d5ba,256,A_react,A_plan,0.0,0.0,0.0,0.4375
longmemeval::d851d5ba,256,A_react,A_cot,0.0,0.0,0.0,0.9375
longmemeval::d851d5ba,256,A_plan,A_react,0.0,0.0,0.0,0.5625
longmemeval::d851d5ba,256,A_plan,A_cot,0.0,0.0,0.0,0.9375
longmemeval::d851d5ba,256,A_cot,A_react,0.0,0.0,0.0,0.5625
longmemeval::d851d5ba,256,A_cot,A_plan,0.0,0.0,0.0,1.0
longmemeval::d851d5ba,512,A_react,A_plan,0.0,0.0,0.0,0.4375
longmemeval::d851d5ba,512,A_react,A_cot,0.0,0.0,0.0,0.9375
longmemeval::d851d5ba,512,A_plan,A_react,0.0,0.0,0.0,0.5625
longmemeval::d851d5ba,512,A_plan,A_cot,0.0,0.0,0.0,0.9375
longmemeval::d851d5ba,512,A_cot,A_react,0.0,0.0,0.0,0.5625
longmemeval::d851d5ba,512,A_cot,A_plan,0.0,0.0,0.0,1.0
longmemeval::d851d5ba,1024,A_react,A_plan,0.0,0.0,0.0,0.4375
longmemeval::d851d5ba,1024,A_react,A_cot,0.0,0.0,0.0,0.9375
longmemeval::d851d5ba,1024,A_plan,A_react,0.0,0.0,0.0,0.5625
longmemeval::d851d5ba,1024,A_plan,A_cot,0.0,0.0,0.0,0.9375
longmemeval::d851d5ba,1024,A_cot,A_react,0.0,0.0,0.0,0.5625
longmemeval::d851d5ba,1024,A_cot,A_plan,0.0,0.0,0.0,1.0
longmemeval::c2ac3c61,128,A_react,A_plan,1.0,1.0,0.0,0.7999999999999999
longmemeval::c2ac3c61,128,A_react,A_cot,0.0,0.0,0.0,0.9375
longmemeval::c2ac3c61,128,A_plan,A_react,0.0,0.0,0.0,0.8125
longmemeval::c2ac3c61,128,A_plan,A_cot,0.0,0.0,0.0,0.6875
longmemeval::c2ac3c61,128,A_cot,A_react,0.0,0.0,0.0,0.5625
longmemeval::c2ac3c61,128,A_cot,A_plan,1.0,1.0,0.0,0.8666666666666667
longmemeval::c2ac3c61,256,A_react,A_plan,1.0,1.0,0.0,0.7999999999999999
longmemeval::c2ac3c61,256,A_react,A_cot,0.0,0.0,0.0,0.9375
longmemeval::c2ac3c61,256,A_plan,A_react,0.0,0.0,0.0,0.8125
longmemeval::c2ac3c61,256,A_plan,A_cot,0.0,0.0,0.0,0.6875
longmemeval::c2ac3c61,256,A_cot,A_react,0.0,0.0,0.0,0.5625
longmemeval::c2ac3c61,256,A_cot,A_plan,1.0,1.0,0.0,0.8666666666666667
longmemeval::c2ac3c61,512,A_react,A_plan,1.0,1.0,0.0,0.7999999999999999
longmemeval::c2ac3c61,512,A_react,A_cot,0.0,0.0,0.0,0.9375
longmemeval::c2ac3c61,512,A_plan,A_react,0.0,0.0,0.0,0.8125
longmemeval::c2ac3c61,512,A_plan,A_cot,0.0,0.0,0.0,0.6875
longmemeval::c2ac3c61,512,A_cot,A_react,0.0,0.0,0.0,0.5625
longmemeval::c2ac3c61,512,A_cot,A_plan,1.0,1.0,0.0,0.8666666666666667
longmemeval::c2ac3c61,1024,A_react,A_plan,1.0,1.0,0.0,0.7999999999999999
longmemeval::c2ac3c61,1024,A_react,A_cot,0.0,0.0,0.0,0.9375
longmemeval::c2ac3c61,1024,A_plan,A_react,0.0,0.0,0.0,0.8125
longmemeval::c2ac3c61,1024,A_plan,A_cot,0.0,0.0,0.0,0.6875
longmemeval::c2ac3c61,1024,A_cot,A_react,0.0,0.0,0.0,0.5625
longmemeval::c2ac3c61,1024,A_cot,A_plan,1.0,0.0,1.0,0.8666666666666667
longmemeval::gpt4_2f91af09,128,A_react,A_plan,0.0,0.0,0.0,0.5
longmemeval::gpt4_2f91af09,128,A_react,A_cot,0.0,0.0,0.0,0.25
longmemeval::gpt4_2f91af09,128,A_plan,A_react,0.0,0.0,0.0,1.0
longmemeval::gpt4_2f91af09,128,A_plan,A_cot,0.0,0.0,0.0,0.5
longmemeval::gpt4_2f91af09,128,A_cot,A_react,0.0,0.0,0.0,1.0
longmemeval::gpt4_2f91af09,128,A_cot,A_plan,0.0,0.0,0.0,1.0
longmemeval::gpt4_2f91af09,256,A_react,A_plan,0.0,0.0,0.0,0.5
longmemeval::gpt4_2f91af09,256,A_react,A_cot,0.0,0.0,0.0,0.25
longmemeval::gpt4_2f91af09,256,A_plan,A_react,0.0,0.0,0.0,1.0
longmemeval::gpt4_2f91af09,256,A_plan,A_cot,0.0,0.0,0.0,0.5
longmemeval::gpt4_2f91af09,256,A_cot,A_react,0.0,0.0,0.0,1.0
longmemeval::gpt4_2f91af09,256,A_cot,A_plan,0.0,0.0,0.0,1.0
longmemeval::gpt4_2f91af09,512,A_react,A_plan,0.0,0.0,0.0,0.5
longmemeval::gpt4_2f91af09,512,A_react,A_cot,0.0,0.0,0.0,0.25
longmemeval::gpt4_2f91af09,512,A_plan,A_react,0.0,0.0,0.0,1.0
longmemeval::gpt4_2f91af09,512,A_plan,A_cot,0.0,0.0,0.0,0.5
longmemeval::gpt4_2f91af09,512,A_cot,A_react,0.0,0.0,0.0,1.0
longmemeval::gpt4_2f91af09,512,A_cot,A_plan,0.0,0.0,0.0,1.0
longmemeval::gpt4_2f91af09,1024,A_react,A_plan,0.0,0.0,0.0,0.5
longmemeval::gpt4_2f91af09,1024,A_react,A_cot,0.0,0.0,0.0,0.25
longmemeval::gpt4_2f91af09,1024,A_plan,A_react,0.0,0.0,0.0,1.0
longmemeval::gpt4_2f91af09,1024,A_plan,A_cot,0.0,0.0,0.0,0.5
longmemeval::gpt4_2f91af09,1024,A_cot,A_react,0.0,0.0,0.0,1.0
longmemeval::gpt4_2f91af09,1024,A_cot,A_plan,0.0,0.0,0.0,1.0
longmemeval::60bf93ed_abs,128,A_react,A_plan,0.0,0.0,0.0,0.3571428571428571
longmemeval::60bf93ed_abs,128,A_react,A_cot,0.0,0.0,0.0,1.0
longmemeval::60bf93ed_abs,128,A_plan,A_react,0.0,1.0,-1.0,0.9999999999999999
longmemeval::60bf93ed_abs,128,A_plan,A_cot,0.0,0.0,0.0,1.0
longmemeval::60bf93ed_abs,128,A_cot,A_react,0.0,0.0,0.0,1.0
longmemeval::60bf93ed_abs,128,A_cot,A_plan,0.0,0.0,0.0,1.0
longmemeval::60bf93ed_abs,256,A_react,A_plan,0.0,1.0,-1.0,0.3571428571428571
longmemeval::60bf93ed_abs,256,A_react,A_cot,0.0,0.0,0.0,1.0
longmemeval::60bf93ed_abs,256,A_plan,A_react,0.0,0.0,0.0,0.9999999999999999
longmemeval::60bf93ed_abs,256,A_plan,A_cot,0.0,0.0,0.0,1.0
longmemeval::60bf93ed_abs,256,A_cot,A_react,0.0,0.0,0.0,1.0
longmemeval::60bf93ed_abs,256,A_cot,A_plan,0.0,0.0,0.0,1.0
longmemeval::60bf93ed_abs,512,A_react,A_plan,0.0,0.0,0.0,0.3571428571428571
longmemeval::60bf93ed_abs,512,A_react,A_cot,0.0,0.0,0.0,1.0
longmemeval::60bf93ed_abs,512,A_plan,A_react,0.0,0.0,0.0,0.9999999999999999
longmemeval::60bf93ed_abs,512,A_plan,A_cot,0.0,0.0,0.0,1.0
longmemeval::60bf93ed_abs,512,A_cot,A_react,0.0,0.0,0.0,1.0
longmemeval::60bf93ed_abs,512,A_cot,A_plan,0.0,0.0,0.0,1.0
longmemeval::60bf93ed_abs,1024,A_react,A_plan,0.0,0.0,0.0,0.3571428571428571
longmemeval::60bf93ed_abs,1024,A_react,A_cot,0.0,0.0,0.0,1.0
longmemeval::60bf93ed_abs,1024,A_plan,A_react,0.0,0.0,0.0,0.9999999999999999
longmemeval::60bf93ed_abs,1024,A_plan,A_cot,0.0,0.0,0.0,1.0
longmemeval::60bf93ed_abs,1024,A_cot,A_react,0.0,0.0,0.0,1.0
longmemeval::60bf93ed_abs,1024,A_cot,A_plan,0.0,0.0,0.0,1.0
longmemeval::852ce960,128,A_react,A_plan,0.0,0.0,0.0,1.0
longmemeval::852ce960,128,A_react,A_cot,0.0,0.0,0.0,0.0625
longmemeval::852ce960,128,A_plan,A_react,0.0,0.0,0.0,1.0
longmemeval::852ce960,128,A_plan,A_cot,0.0,0.0,0.0,0.375
longmemeval::852ce960,128,A_cot,A_react,0.0,0.0,0.0,1.0
longmemeval::852ce960,128,A_cot,A_plan,0.0,0.0,0.0,1.0
longmemeval::852ce960,256,A_react,A_plan,0.0,0.0,0.0,1.0
longmemeval::852ce960,256,A_react,A_cot,0.0,0.0,0.0,0.0625
longmemeval::852ce960,256,A_plan,A_react,0.0,0.0,0.0,1.0
longmemeval::852ce960,256,A_plan,A_cot,0.0,0.0,0.0,0.375
longmemeval::852ce960,256,A_cot,A_react,0.0,0.0,0.0,1.0
longmemeval::852ce960,256,A_cot,A_plan,0.0,0.0,0.0,1.0
longmemeval::852ce960,512,A_react,A_plan,0.0,0.0,0.0,1.0
longmemeval::852ce960,512,A_react,A_cot,0.0,0.0,0.0,0.0625
longmemeval::852ce960,512,A_plan,A_react,0.0,0.0,0.0,1.0
longmemeval::852ce960,512,A_plan,A_cot,0.0,0.0,0.0,0.375
longmemeval::852ce960,512,A_cot,A_react,0.0,0.0,0.0,1.0
longmemeval::852ce960,512,A_cot,A_plan,0.0,0.0,0.0,1.0
longmemeval::852ce960,1024,A_react,A_plan,0.0,0.0,0.0,1.0
longmemeval::852ce960,1024,A_react,A_cot,0.0,0.0,0.0,0.0625
longmemeval::852ce960,1024,A_plan,A_react,0.0,0.0,0.0,1.0
longmemeval::852ce960,1024,A_plan,A_cot,0.0,0.0,0.0,0.375
longmemeval::852ce960,1024,A_cot,A_react,0.0,0.0,0.0,1.0
longmemeval::852ce960,1024,A_cot,A_plan,0.0,0.0,0.0,1.0
longmemeval::41698283,128,A_react,A_plan,1.0,0.0,1.0,0.5333333333333333
longmemeval::41698283,128,A_react,A_cot,0.0,0.0,0.0,1.0
longmemeval::41698283,128,A_plan,A_react,0.0,0.0,0.0,0.3125
longmemeval::41698283,128,A_plan,A_cot,0.0,0.0,0.0,0.9375
longmemeval::41698283,128,A_cot,A_react,0.0,0.0,0.0,1.0
longmemeval::41698283,128,A_cot,A_plan,1.0,0.0,1.0,1.0
longmemeval::41698283,256,A_react,A_plan,1.0,1.0,0.0,0.5333333333333333
longmemeval::41698283,256,A_react,A_cot,0.0,0.0,0.0,1.0
longmemeval::41698283,256,A_plan,A_react,1.0,1.0,0.0,0.3125
longmemeval::41698283,256,A_plan,A_cot,0.0,0.0,0.0,0.9375
longmemeval::41698283,256,A_cot,A_react,1.0,1.0,0.0,1.0
longmemeval::41698283,256,A_cot,A_plan,0.0,1.0,-1.0,1.0
longmemeval::41698283,512,A_react,A_plan,1.0,1.0,0.0,0.5333333333333333
longmemeval::41698283,512,A_react,A_cot,0.0,0.0,0.0,1.0
longmemeval::41698283,512,A_plan,A_react,1.0,1.0,0.0,0.3125
longmemeval::41698283,512,A_plan,A_cot,0.0,0.0,0.0,0.9375
longmemeval::41698283,512,A_cot,A_react,1.0,1.0,0.0,1.0
longmemeval::41698283,512,A_cot,A_plan,1.0,0.0,1.0,1.0
longmemeval::41698283,1024,A_react,A_plan,1.0,1.0,0.0,0.5333333333333333
longmemeval::41698283,1024,A_react,A_cot,0.0,0.0,0.0,1.0
longmemeval::41698283,1024,A_plan,A_react,1.0,1.0,0.0,0.3125
longmemeval::41698283,1024,A_plan,A_cot,0.0,0.0,0.0,0.9375
longmemeval::41698283,1024,A_cot,A_react,0.0,1.0,-1.0,1.0
longmemeval::41698283,1024,A_cot,A_plan,1.0,0.0,1.0,1.0
longmemeval::38146c39,128,A_react,A_plan,0.0,0.0,0.0,1.0
longmemeval::38146c39,128,A_react,A_cot,0.0,0.0,0.0,1.0
longmemeval::38146c39,128,A_plan,A_react,0.0,0.0,0.0,1.0
longmemeval::38146c39,128,A_plan,A_cot,0.0,0.0,0.0,1.0
longmemeval::38146c39,128,A_cot,A_react,0.0,0.0,0.0,0.9999999999999999
longmemeval::38146c39,128,A_cot,A_plan,0.0,0.0,0.0,0.9375
longmemeval::38146c39,256,A_react,A_plan,0.0,0.0,0.0,1.0
longmemeval::38146c39,256,A_react,A_cot,0.0,0.0,0.0,1.0
longmemeval::38146c39,256,A_plan,A_react,0.0,0.0,0.0,1.0
longmemeval::38146c39,256,A_plan,A_cot,0.0,0.0,0.0,1.0
longmemeval::38146c39,256,A_cot,A_react,0.0,0.0,0.0,0.9999999999999999
longmemeval::38146c39,256,A_cot,A_plan,0.0,0.0,0.0,0.9375
longmemeval::38146c39,512,A_react,A_plan,0.0,0.0,0.0,1.0
longmemeval::38146c39,512,A_react,A_cot,0.0,0.0,0.0,1.0
longmemeval::38146c39,512,A_plan,A_react,0.0,0.0,0.0,1.0
longmemeval::38146c39,512,A_plan,A_cot,0.0,0.0,0.0,1.0
longmemeval::38146c39,512,A_cot,A_react,0.0,0.0,0.0,0.9999999999999999
longmemeval::38146c39,512,A_cot,A_plan,0.0,0.0,0.0,0.9375
longmemeval::38146c39,1024,A_react,A_plan,0.0,0.0,0.0,1.0
longmemeval::38146c39,1024,A_react,A_cot,0.0,0.0,0.0,1.0
longmemeval::38146c39,1024,A_plan,A_react,0.0,0.0,0.0,1.0
longmemeval::38146c39,1024,A_plan,A_cot,0.0,0.0,0.0,1.0
longmemeval::38146c39,1024,A_cot,A_react,0.0,0.0,0.0,0.9999999999999999
longmemeval::38146c39,1024,A_cot,A_plan,0.0,0.0,0.0,0.9375
longmemeval::57f827a0,128,A_react,A_plan,0.0,0.0,0.0,1.0
longmemeval::57f827a0,128,A_react,A_cot,0.0,0.0,0.0,0.1875
longmemeval::57f827a0,128,A_plan,A_react,0.0,0.0,0.0,1.0
longmemeval::57f827a0,128,A_plan,A_cot,0.0,0.0,0.0,1.0
longmemeval::57f827a0,128,A_cot,A_react,0.0,0.0,0.0,1.0
longmemeval::57f827a0,128,A_cot,A_plan,0.0,0.0,0.0,1.0
longmemeval::57f827a0,256,A_react,A_plan,0.0,0.0,0.0,1.0
longmemeval::57f827a0,256,A_react,A_cot,0.0,0.0,0.0,0.1875
longmemeval::57f827a0,256,A_plan,A_react,0.0,0.0,0.0,1.0
longmemeval::57f827a0,256,A_plan,A_cot,0.0,0.0,0.0,1.0
longmemeval::57f827a0,256,A_cot,A_react,0.0,0.0,0.0,1.0
longmemeval::57f827a0,256,A_cot,A_plan,0.0,0.0,0.0,1.0
longmemeval::57f827a0,512,A_react,A_plan,0.0,0.0,0.0,1.0
longmemeval::57f827a0,512,A_react,A_cot,0.0,0.0,0.0,0.1875
longmemeval::57f827a0,512,A_plan,A_react,0.0,0.0,0.0,1.0
longmemeval::57f827a0,512,A_plan,A_cot,0.0,0.0,0.0,1.0
longmemeval::57f827a0,512,A_cot,A_react,0.0,0.0,0.0,1.0
longmemeval::57f827a0,512,A_cot,A_plan,0.0,0.0,0.0,1.0
longmemeval::57f827a0,1024,A_react,A_plan,0.0,0.0,0.0,1.0
longmemeval::57f827a0,1024,A_react,A_cot,0.0,0.0,0.0,0.1875
longmemeval::57f827a0,1024,A_plan,A_react,0.0,0.0,0.0,1.0
longmemeval::57f827a0,1024,A_plan,A_cot,0.0,0.0,0.0,1.0
longmemeval::57f827a0,1024,A_cot,A_react,0.0,0.0,0.0,1.0
longmemeval::57f827a0,1024,A_cot,A_plan,0.0,0.0,0.0,1.0
longmemeval::6222b6eb,128,A_react,A_plan,1.0,0.0,1.0,0.9375
longmemeval::6222b6eb,128,A_react,A_cot,0.0,0.0,0.0,0.9375
longmemeval::6222b6eb,128,A_plan,A_react,0.0,0.0,0.0,1.0
longmemeval::6222b6eb,128,A_plan,A_cot,0.0,0.0,0.0,0.8124999999999999
longmemeval::6222b6eb,128,A_cot,A_react,0.0,0.0,0.0,1.0
longmemeval::6222b6eb,128,A_cot,A_plan,1.0,0.0,1.0,0.875
longmemeval::6222b6eb,256,A_react,A_plan,0.0,1.0,-1.0,0.9375
longmemeval::6222b6eb,256,A_react,A_cot,0.0,0.0,0.0,0.9375
longmemeval::6222b6eb,256,A_plan,A_react,1.0,0.0,1.0,1.0
longmemeval::6222b6eb,256,A_plan,A_cot,0.0,0.0,0.0,0.8124999999999999
longmemeval::6222b6eb,256,A_cot,A_react,0.0,0.0,0.0,1.0
longmemeval::6222b6eb,256,A_cot,A_plan,0.0,0.0,0.0,0.875
longmemeval::6222b6eb,512,A_react,A_plan,1.0,0.0,1.0,0.9375
longmemeval::6222b6eb,512,A_react,A_cot,0.0,0.0,0.0,0.9375
longmemeval::6222b6eb,512,A_plan,A_react,1.0,0.0,1.0,1.0
longmemeval::6222b6eb,512,A_plan,A_cot,0.0,0.0,0.0,0.8124999999999999
longmemeval::6222b6eb,512,A_cot,A_react,1.0,0.0,1.0,1.0
longmemeval::6222b6eb,512,A_cot,A_plan,0.0,0.0,0.0,0.875
longmemeval::6222b6eb,1024,A_react,A_plan,1.0,0.0,1.0,0.9375
longmemeval::6222b6eb,1024,A_react,A_cot,0.0,0.0,0.0,0.9375
longmemeval::6222b6eb,1024,A_plan,A_react,0.0,0.0,0.0,1.0
longmemeval::6222b6eb,1024,A_plan,A_cot,0.0,0.0,0.0,0.8124999999999999
longmemeval::6222b6eb,1024,A_cot,A_react,0.0,0.0,0.0,1.0
longmemeval::6222b6eb,1024,A_cot,A_plan,0.0,0.0,0.0,0.875
longmemeval::c8f1aeed,128,A_react,A_plan,1.0,0.0,1.0,0.125
longmemeval::c8f1aeed,128,A_react,A_cot,1.0,1.0,0.0,0.0
longmemeval::c8f1aeed,128,A_plan,A_react,1.0,1.0,0.0,0.375
longmemeval::c8f1aeed,128,A_plan,A_cot,1.0,1.0,0.0,0.3125
longmemeval::c8f1aeed,128,A_cot,A_react,1.0,1.0,0.0,0.0625
longmemeval::c8f1aeed,128,A_cot,A_plan,1.0,1.0,0.0,0.375
longmemeval::c8f1aeed,256,A_react,A_plan,1.0,1.0,0.0,0.125
longmemeval::c8f1aeed,256,A_react,A_cot,1.0,1.0,0.0,0.0
longmemeval::c8f1aeed,256,A_plan,A_react,1.0,1.0,0.0,0.375
longmemeval::c8f1aeed,256,A_plan,A_cot,1.0,1.0,0.0,0.3125
longmemeval::c8f1aeed,256,A_cot,A_react,1.0,1.0,0.0,0.0625
longmemeval::c8f1aeed,256,A_cot,A_plan,1.0,1.0,0.0,0.375
longmemeval::c8f1aeed,512,A_react,A_plan,1.0,1.0,0.0,0.125
longmemeval::c8f1aeed,512,A_react,A_cot,1.0,1.0,0.0,0.0
longmemeval::c8f1aeed,512,A_plan,A_react,1.0,1.0,0.0,0.375
longmemeval::c8f1aeed,512,A_plan,A_cot,1.0,1.0,0.0,0.3125
longmemeval::c8f1aeed,512,A_cot,A_react,1.0,1.0,0.0,0.0625
longmemeval::c8f1aeed,512,A_cot,A_plan,1.0,1.0,0.0,0.375
longmemeval::c8f1aeed,1024,A_react,A_plan,1.0,1.0,0.0,0.125
longmemeval::c8f1aeed,1024,A_react,A_cot,1.0,1.0,0.0,0.0
longmemeval::c8f1aeed,1024,A_plan,A_react,1.0,1.0,0.0,0.375
longmemeval::c8f1aeed,1024,A_plan,A_cot,1.0,1.0,0.0,0.3125
longmemeval::c8f1aeed,1024,A_cot,A_react,1.0,1.0,0.0,0.0625
longmemeval::c8f1aeed,1024,A_cot,A_plan,1.0,1.0,0.0,0.375
longmemeval::118b2229,128,A_react,A_plan,0.0,0.0,0.0,0.3125
longmemeval::118b2229,128,A_react,A_cot,0.0,0.0,0.0,1.0
longmemeval::118b2229,128,A_plan,A_react,0.0,0.0,0.0,0.3125
longmemeval::118b2229,128,A_plan,A_cot,0.0,0.0,0.0,1.0
longmemeval::118b2229,128,A_cot,A_react,0.0,0.0,0.0,1.0
longmemeval::118b2229,128,A_cot,A_plan,0.0,0.0,0.0,0.9375
longmemeval::118b2229,256,A_react,A_plan,0.0,0.0,0.0,0.3125
longmemeval::118b2229,256,A_react,A_cot,0.0,0.0,0.0,1.0
longmemeval::118b2229,256,A_plan,A_react,0.0,1.0,-1.0,0.3125
longmemeval::118b2229,256,A_plan,A_cot,0.0,0.0,0.0,1.0
longmemeval::118b2229,256,A_cot,A_react,0.0,0.0,0.0,1.0
longmemeval::118b2229,256,A_cot,A_plan,0.0,0.0,0.0,0.9375
longmemeval::118b2229,512,A_react,A_plan,0.0,0.0,0.0,0.3125
longmemeval::118b2229,512,A_react,A_cot,0.0,0.0,0.0,1.0
longmemeval::118b2229,512,A_plan,A_react,0.0,0.0,0.0,0.3125
longmemeval::118b2229,512,A_plan,A_cot,0.0,0.0,0.0,1.0
longmemeval::118b2229,512,A_cot,A_react,0.0,0.0,0.0,1.0
longmemeval::118b2229,512,A_cot,A_plan,0.0,0.0,0.0,0.9375
longmemeval::118b2229,1024,A_react,A_plan,0.0,0.0,0.0,0.3125
longmemeval::118b2229,1024,A_react,A_cot,0.0,0.0,0.0,1.0
longmemeval::118b2229,1024,A_plan,A_react,0.0,0.0,0.0,0.3125
longmemeval::118b2229,1024,A_plan,A_cot,0.0,0.0,0.0,1.0
longmemeval::118b2229,1024,A_cot,A_react,0.0,0.0,0.0,1.0
longmemeval::118b2229,1024,A_cot,A_plan,0.0,0.0,0.0,0.9375
longmemeval::66f24dbb,128,A_react,A_plan,0.0,0.0,0.0,1.0
longmemeval::66f24dbb,128,A_react,A_cot,1.0,0.0,1.0,0.0625
longmemeval::66f24dbb,128,A_plan,A_react,0.0,1.0,-1.0,1.0
longmemeval::66f24dbb,128,A_plan,A_cot,1.0,1.0,0.0,1.0
longmemeval::66f24dbb,128,A_cot,A_react,0.0,1.0,-1.0,0.0625
longmemeval::66f24dbb,128,A_cot,A_plan,0.0,0.0,0.0,1.0
longmemeval::66f24dbb,256,A_react,A_plan,1.0,1.0,0.0,1.0
longmemeval::66f24dbb,256,A_react,A_cot,1.0,1.0,0.0,0.0625
longmemeval::66f24dbb,256,A_plan,A_react,1.0,1.0,0.0,1.0
longmemeval::66f24dbb,256,A_plan,A_cot,1.0,1.0,0.0,1.0
longmemeval::66f24dbb,256,A_cot,A_react,1.0,1.0,0.0,0.0625
longmemeval::66f24dbb,256,A_cot,A_plan,0.0,0.0,0.0,1.0
longmemeval::66f24dbb,512,A_react,A_plan,1.0,0.0,1.0,1.0
longmemeval::66f24dbb,512,A_react,A_cot,0.0,1.0,-1.0,0.0625
longmemeval::66f24dbb,512,A_plan,A_react,1.0,0.0,1.0,1.0
longmemeval::66f24dbb,512,A_plan,A_cot,0.0,0.0,0.0,1.0
longmemeval::66f24dbb,512,A_cot,A_react,1.0,1.0,0.0,0.0625
longmemeval::66f24dbb,512,A_cot,A_plan,0.0,0.0,0.0,1.0
longmemeval::66f24dbb,1024,A_react,A_plan,0.0,0.0,0.0,1.0
longmemeval::66f24dbb,1024,A_react,A_cot,1.0,1.0,0.0,0.0625
longmemeval::66f24dbb,1024,A_plan,A_react,1.0,0.0,1.0,1.0
longmemeval::66f24dbb,1024,A_plan,A_cot,1.0,0.0,1.0,1.0
longmemeval::66f24dbb,1024,A_cot,A_react,1.0,1.0,0.0,0.0625
longmemeval::66f24dbb,1024,A_cot,A_plan,0.0,0.0,0.0,1.0
longmemeval::6b168ec8,128,A_react,A_plan,0.0,1.0,-1.0,0.75
longmemeval::6b168ec8,128,A_react,A_cot,1.0,0.0,1.0,0.6875
longmemeval::6b168ec8,128,A_plan,A_react,0.0,0.0,0.0,0.6874999999999999
longmemeval::6b168ec8,128,A_plan,A_cot,1.0,0.0,1.0,0.75
longmemeval::6b168ec8,128,A_cot,A_react,0.0,0.0,0.0,0.9375
longmemeval::6b168ec8,128,A_cot,A_plan,0.0,0.0,0.0,0.5625
longmemeval::6b168ec8,256,A_react,A_plan,0.0,0.0,0.0,0.75
longmemeval::6b168ec8,256,A_react,A_cot,0.0,0.0,0.0,0.6875
longmemeval::6b168ec8,256,A_plan,A_react,0.0,0.0,0.0,0.6874999999999999
longmemeval::6b168ec8,256,A_plan,A_cot,1.0,1.0,0.0,0.75
longmemeval::6b168ec8,256,A_cot,A_react,0.0,0.0,0.0,0.9375
longmemeval::6b168ec8,256,A_cot,A_plan,0.0,0.0,0.0,0.5625
longmemeval::6b168ec8,512,A_react,A_plan,0.0,0.0,0.0,0.75
longmemeval::6b168ec8,512,A_react,A_cot,0.0,0.0,0.0,0.6875
longmemeval::6b168ec8,512,A_plan,A_react,0.0,0.0,0.0,0.6874999999999999
longmemeval::6b168ec8,512,A_plan,A_cot,0.0,0.0,0.0,0.75
longmemeval::6b168ec8,512,A_cot,A_react,0.0,0.0,0.0,0.9375
longmemeval::6b168ec8,512,A_cot,A_plan,0.0,0.0,0.0,0.5625
longmemeval::6b168ec8,1024,A_react,A_plan,0.0,0.0,0.0,0.75
longmemeval::6b168ec8,1024,A_react,A_cot,0.0,1.0,-1.0,0.6875
longmemeval::6b168ec8,1024,A_plan,A_react,0.0,0.0,0.0,0.6874999999999999
longmemeval::6b168ec8,1024,A_plan,A_cot,0.0,0.0,0.0,0.75
longmemeval::6b168ec8,1024,A_cot,A_react,0.0,0.0,0.0,0.9375
longmemeval::6b168ec8,1024,A_cot,A_plan,0.0,0.0,0.0,0.5625
longmemeval::e01b8e2f,128,A_react,A_plan,1.0,1.0,0.0,0.5625
longmemeval::e01b8e2f,128,A_react,A_cot,1.0,1.0,0.0,0.0
longmemeval::e01b8e2f,128,A_plan,A_react,1.0,1.0,0.0,0.375
longmemeval::e01b8e2f,128,A_plan,A_cot,1.0,1.0,0.0,0.625
longmemeval::e01b8e2f,128,A_cot,A_react,1.0,1.0,0.0,0.0625
longmemeval::e01b8e2f,128,A_cot,A_plan,1.0,1.0,0.0,0.5625
longmemeval::e01b8e2f,256,A_react,A_plan,1.0,1.0,0.0,0.5625
longmemeval::e01b8e2f,256,A_react,A_cot,1.0,1.0,0.0,0.0
longmemeval::e01b8e2f,256,A_plan,A_react,1.0,1.0,0.0,0.375
longmemeval::e01b8e2f,256,A_plan,A_cot,1.0,1.0,0.0,0.625
longmemeval::e01b8e2f,256,A_cot,A_react,1.0,1.0,0.0,0.0625
longmemeval::e01b8e2f,256,A_cot,A_plan,1.0,1.0,0.0,0.5625
longmemeval::e01b8e2f,512,A_react,A_plan,0.0,1.0,-1.0,0.5625
longmemeval::e01b8e2f,512,A_react,A_cot,1.0,1.0,0.0,0.0
longmemeval::e01b8e2f,512,A_plan,A_react,1.0,0.0,1.0,0.375
longmemeval::e01b8e2f,512,A_plan,A_cot,1.0,1.0,0.0,0.625
longmemeval::e01b8e2f,512,A_cot,A_react,1.0,1.0,0.0,0.0625
longmemeval::e01b8e2f,512,A_cot,A_plan,1.0,1.0,0.0,0.5625
longmemeval::e01b8e2f,1024,A_react,A_plan,1.0,1.0,0.0,0.5625
longmemeval::e01b8e2f,1024,A_react,A_cot,1.0,1.0,0.0,0.0
longmemeval::e01b8e2f,1024,A_plan,A_react,1.0,0.0,1.0,0.375
longmemeval::e01b8e2f,1024,A_plan,A_cot,1.0,0.0,1.0,0.625
longmemeval::e01b8e2f,1024,A_cot,A_react,1.0,1.0,0.0,0.0625
longmemeval::e01b8e2f,1024,A_cot,A_plan,1.0,1.0,0.0,0.5625
longmemeval::19b5f2b3,128,A_react,A_plan,0.0,0.0,0.0,0.6875
longmemeval::19b5f2b3,128,A_react,A_cot,1.0,1.0,0.0,0.0625
longmemeval::19b5f2b3,128,A_plan,A_react,1.0,0.0,1.0,0.75
longmemeval::19b5f2b3,128,A_plan,A_cot,1.0,1.0,0.0,0.75
longmemeval::19b5f2b3,128,A_cot,A_react,1.0,1.0,0.0,0.0625
longmemeval::19b5f2b3,128,A_cot,A_plan,0.0,0.0,0.0,0.625
longmemeval::19b5f2b3,256,A_react,A_plan,0.0,0.0,0.0,0.6875
longmemeval::19b5f2b3,256,A_react,A_cot,1.0,1.0,0.0,0.0625
longmemeval::19b5f2b3,256,A_plan,A_react,1.0,1.0,0.0,0.75
longmemeval::19b5f2b3,256,A_plan,A_cot,1.0,1.0,0.0,0.75
longmemeval::19b5f2b3,256,A_cot,A_react,1.0,1.0,0.0,0.0625
longmemeval::19b5f2b3,256,A_cot,A_plan,0.0,0.0,0.0,0.625
longmemeval::19b5f2b3,512,A_react,A_plan,0.0,0.0,0.0,0.6875
longmemeval::19b5f2b3,512,A_react,A_cot,1.0,1.0,0.0,0.0625
longmemeval::19b5f2b3,512,A_plan,A_react,1.0,1.0,0.0,0.75
longmemeval::19b5f2b3,512,A_plan,A_cot,1.0,1.0,0.0,0.75
longmemeval::19b5f2b3,512,A_cot,A_react,1.0,1.0,0.0,0.0625
longmemeval::19b5f2b3,512,A_cot,A_plan,0.0,0.0,0.0,0.625
longmemeval::19b5f2b3,1024,A_react,A_plan,0.0,0.0,0.0,0.6875
longmemeval::19b5f2b3,1024,A_react,A_cot,1.0,1.0,0.0,0.0625
longmemeval::19b5f2b3,1024,A_plan,A_react,1.0,1.0,0.0,0.75
longmemeval::19b5f2b3,1024,A_plan,A_cot,1.0,1.0,0.0,0.75
longmemeval::19b5f2b3,1024,A_cot,A_react,1.0,1.0,0.0,0.0625
longmemeval::19b5f2b3,1024,A_cot,A_plan,0.0,0.0,0.0,0.625
longmemeval::c14c00dd,128,A_react,A_plan,0.0,0.0,0.0,0.1875
longmemeval::c14c00dd,128,A_react,A_cot,0.0,0.0,0.0,1.0
longmemeval::c14c00dd,128,A_plan,A_react,0.0,0.0,0.0,0.3125
longmemeval::c14c00dd,128,A_plan,A_cot,0.0,0.0,0.0,1.0
longmemeval::c14c00dd,128,A_cot,A_react,0.0,1.0,-1.0,1.0
longmemeval::c14c00dd,128,A_cot,A_plan,0.0,0.0,0.0,0.5625
longmemeval::c14c00dd,256,A_react,A_plan,0.0,0.0,0.0,0.1875
longmemeval::c14c00dd,256,A_react,A_cot,0.0,0.0,0.0,1.0
longmemeval::c14c00dd,256,A_plan,A_react,0.0,0.0,0.0,0.3125
longmemeval::c14c00dd,256,A_plan,A_cot,0.0,0.0,0.0,1.0
longmemeval::c14c00dd,256,A_cot,A_react,0.0,0.0,0.0,1.0
longmemeval::c14c00dd,256,A_cot,A_plan,0.0,0.0,0.0,0.5625
longmemeval::c14c00dd,512,A_react,A_plan,0.0,0.0,0.0,0.1875
longmemeval::c14c00dd,512,A_react,A_cot,0.0,0.0,0.0,1.0
longmemeval::c14c00dd,512,A_plan,A_react,0.0,0.0,0.0,0.3125
longmemeval::c14c00dd,512,A_plan,A_cot,0.0,0.0,0.0,1.0
longmemeval::c14c00dd,512,A_cot,A_react,0.0,0.0,0.0,1.0
longmemeval::c14c00dd,512,A_cot,A_plan,0.0,0.0,0.0,0.5625
longmemeval::c14c00dd,1024,A_react,A_plan,0.0,0.0,0.0,0.1875
longmemeval::c14c00dd,1024,A_react,A_cot,0.0,0.0,0.0,1.0
longmemeval::c14c00dd,1024,A_plan,A_react,0.0,0.0,0.0,0.3125
longmemeval::c14c00dd,1024,A_plan,A_cot,0.0,0.0,0.0,1.0
longmemeval::c14c00dd,1024,A_cot,A_react,0.0,0.0,0.0,1.0
longmemeval::c14c00dd,1024,A_cot,A_plan,0.0,0.0,0.0,0.5625
longmemeval::b46e15ed,128,A_react,A_plan,0.0,0.0,0.0,1.0
longmemeval::b46e15ed,128,A_react,A_cot,0.0,0.0,0.0,0.4375
longmemeval::b46e15ed,128,A_plan,A_react,0.0,0.0,0.0,1.0
longmemeval::b46e15ed,128,A_plan,A_cot,0.0,0.0,0.0,0.3125
longmemeval::b46e15ed,128,A_cot,A_react,0.0,0.0,0.0,1.0
longmemeval::b46e15ed,128,A_cot,A_plan,0.0,0.0,0.0,1.0
longmemeval::b46e15ed,256,A_react,A_plan,0.0,0.0,0.0,1.0
longmemeval::b46e15ed,256,A_react,A_cot,0.0,0.0,0.0,0.4375
longmemeval::b46e15ed,256,A_plan,A_react,0.0,0.0,0.0,1.0
longmemeval::b46e15ed,256,A_plan,A_cot,0.0,0.0,0.0,0.3125
longmemeval::b46e15ed,256,A_cot,A_react,0.0,0.0,0.0,1.0
longmemeval::b46e15ed,256,A_cot,A_plan,0.0,0.0,0.0,1.0
longmemeval::b46e15ed,512,A_react,A_plan,0.0,0.0,0.0,1.0
longmemeval::b46e15ed,512,A_react,A_cot,0.0,0.0,0.0,0.4375
longmemeval::b46e15ed,512,A_plan,A_react,0.0,0.0,0.0,1.0
longmemeval::b46e15ed,512,A_plan,A_cot,0.0,0.0,0.0,0.3125
longmemeval::b46e15ed,512,A_cot,A_react,0.0,0.0,0.0,1.0
longmemeval::b46e15ed,512,A_cot,A_plan,0.0,0.0,0.0,1.0
longmemeval::b46e15ed,1024,A_react,A_plan,0.0,0.0,0.0,1.0
longmemeval::b46e15ed,1024,A_react,A_cot,0.0,0.0,0.0,0.4375
longmemeval::b46e15ed,1024,A_plan,A_react,0.0,0.0,0.0,1.0
longmemeval::b46e15ed,1024,A_plan,A_cot,0.0,0.0,0.0,0.3125
longmemeval::b46e15ed,1024,A_cot,A_react,0.0,0.0,0.0,1.0
longmemeval::b46e15ed,1024,A_cot,A_plan,0.0,0.0,0.0,1.0
longmemeval::gpt4_1d4ab0c9,128,A_react,A_plan,0.0,0.0,0.0,0.1875
longmemeval::gpt4_1d4ab0c9,128,A_react,A_cot,0.0,0.0,0.0,1.0
longmemeval::gpt4_1d4ab0c9,128,A_plan,A_react,0.0,0.0,0.0,0.125
longmemeval::gpt4_1d4ab0c9,128,A_plan,A_cot,0.0,0.0,0.0,1.0
longmemeval::gpt4_1d4ab0c9,128,A_cot,A_react,0.0,0.0,0.0,1.0
longmemeval::gpt4_1d4ab0c9,128,A_cot,A_plan,0.0,0.0,0.0,1.0
longmemeval::gpt4_1d4ab0c9,256,A_react,A_plan,0.0,0.0,0.0,0.1875
longmemeval::gpt4_1d4ab0c9,256,A_react,A_cot,0.0,0.0,0.0,1.0
longmemeval::gpt4_1d4ab0c9,256,A_plan,A_react,0.0,0.0,0.0,0.125
longmemeval::gpt4_1d4ab0c9,256,A_plan,A_cot,0.0,0.0,0.0,1.0
longmemeval::gpt4_1d4ab0c9,256,A_cot,A_react,0.0,0.0,0.0,1.0
longmemeval::gpt4_1d4ab0c9,256,A_cot,A_plan,0.0,0.0,0.0,1.0
longmemeval::gpt4_1d4ab0c9,512,A_react,A_plan,0.0,0.0,0.0,0.1875
longmemeval::gpt4_1d4ab0c9,512,A_react,A_cot,0.0,0.0,0.0,1.0
longmemeval::gpt4_1d4ab0c9,512,A_plan,A_react,0.0,0.0,0.0,0.125
longmemeval::gpt4_1d4ab0c9,512,A_plan,A_cot,0.0,0.0,0.0,1.0
longmemeval::gpt4_1d4ab0c9,512,A_cot,A_react,0.0,0.0,0.0,1.0
longmemeval::gpt4_1d4ab0c9,512,A_cot,A_plan,0.0,0.0,0.0,1.0
longmemeval::gpt4_1d4ab0c9,1024,A_react,A_plan,0.0,0.0,0.0,0.1875
longmemeval::gpt4_1d4ab0c9,1024,A_react,A_cot,0.0,0.0,0.0,1.0
longmemeval::gpt4_1d4ab0c9,1024,A_plan,A_react,0.0,0.0,0.0,0.125
longmemeval::gpt4_1d4ab0c9,1024,A_plan,A_cot,0.0,0.0,0.0,1.0
longmemeval::gpt4_1d4ab0c9,1024,A_cot,A_react,0.0,0.0,0.0,1.0
longmemeval::gpt4_1d4ab0c9,1024,A_cot,A_plan,0.0,0.0,0.0,1.0
longmemeval::gpt4_468eb063,128,A_react,A_plan,1.0,0.0,1.0,0.25
longmemeval::gpt4_468eb063,128,A_react,A_cot,0.0,1.0,-1.0,1.0
longmemeval::gpt4_468eb063,128,A_plan,A_react,1.0,0.0,1.0,0.875
longmemeval::gpt4_468eb063,128,A_plan,A_cot,0.0,0.0,0.0,1.0
longmemeval::gpt4_468eb063,128,A_cot,A_react,1.0,0.0,1.0,0.25
longmemeval::gpt4_468eb063,128,A_cot,A_plan,0.0,0.0,0.0,0.9375
longmemeval::gpt4_468eb063,256,A_react,A_plan,0.0,0.0,0.0,0.25
longmemeval::gpt4_468eb063,256,A_react,A_cot,0.0,0.0,0.0,1.0
longmemeval::gpt4_468eb063,256,A_plan,A_react,0.0,0.0,0.0,0.875
longmemeval::gpt4_468eb063,256,A_plan,A_cot,0.0,0.0,0.0,1.0
longmemeval::gpt4_468eb063,256,A_cot,A_react,0.0,0.0,0.0,0.25
longmemeval::gpt4_468eb063,256,A_cot,A_plan,0.0,0.0,0.0,0.9375
longmemeval::gpt4_468eb063,512,A_react,A_plan,0.0,0.0,0.0,0.25
longmemeval::gpt4_468eb063,512,A_react,A_cot,0.0,0.0,0.0,1.0
longmemeval::gpt4_468eb063,512,A_plan,A_react,0.0,0.0,0.0,0.875
longmemeval::gpt4_468eb063,512,A_plan,A_cot,0.0,0.0,0.0,1.0
longmemeval::gpt4_468eb063,512,A_cot,A_react,0.0,0.0,0.0,0.25
longmemeval::gpt4_468eb063,512,A_cot,A_plan,0.0,0.0,0.0,0.9375
longmemeval::gpt4_468eb063,1024,A_react,A_plan,0.0,0.0,0.0,0.25
longmemeval::gpt4_468eb063,1024,A_react,A_cot,0.0,0.0,0.0,1.0
longmemeval::gpt4_468eb063,1024,A_plan,A_react,0.0,0.0,0.0,0.875
longmemeval::gpt4_468eb063,1024,A_plan,A_cot,0.0,0.0,0.0,1.0
longmemeval::gpt4_468eb063,1024,A_cot,A_react,0.0,0.0,0.0,0.25
longmemeval::gpt4_468eb063,1024,A_cot,A_plan,0.0,0.0,0.0,0.9375
longmemeval::gpt4_1e4a8aeb,128,A_react,A_plan,0.0,0.0,0.0,1.0
longmemeval::gpt4_1e4a8aeb,128,A_react,A_cot,0.0,0.0,0.0,0.75
longmemeval::gpt4_1e4a8aeb,128,A_plan,A_react,1.0,1.0,0.0,0.8124999999999999
longmemeval::gpt4_1e4a8aeb,128,A_plan,A_cot,0.0,0.0,0.0,0.875
longmemeval::gpt4_1e4a8aeb,128,A_cot,A_react,1.0,1.0,0.0,0.8666666666666667
longmemeval::gpt4_1e4a8aeb,128,A_cot,A_plan,0.0,0.0,0.0,0.9374999999999999
longmemeval::gpt4_1e4a8aeb,256,A_react,A_plan,0.0,0.0,0.0,1.0
longmemeval::gpt4_1e4a8aeb,256,A_react,A_cot,0.0,0.0,0.0,0.75
longmemeval::gpt4_1e4a8aeb,256,A_plan,A_react,1.0,1.0,0.0,0.8124999999999999
longmemeval::gpt4_1e4a8aeb,256,A_plan,A_cot,0.0,0.0,0.0,0.875
longmemeval::gpt4_1e4a8aeb,256,A_cot,A_react,1.0,1.0,0.0,0.8666666666666667
longmemeval::gpt4_1e4a8aeb,256,A_cot,A_plan,0.0,0.0,0.0,0.9374999999999999
longmemeval::gpt4_1e4a8aeb,512,A_react,A_plan,0.0,0.0,0.0,1.0
longmemeval::gpt4_1e4a8aeb,512,A_react,A_cot,0.0,0.0,0.0,0.75
longmemeval::gpt4_1e4a8aeb,512,A_plan,A_react,1.0,1.0,0.0,0.8124999999999999
longmemeval::gpt4_1e4a8aeb,512,A_plan,A_cot,0.0,0.0,0.0,0.875
longmemeval::gpt4_1e4a8aeb,512,A_cot,A_react,1.0,1.0,0.0,0.8666666666666667
longmemeval::gpt4_1e4a8aeb,512,A_cot,A_plan,0.0,0.0,0.0,0.9374999999999999
longmemeval::gpt4_1e4a8aeb,1024,A_react,A_plan,0.0,0.0,0.0,1.0
longmemeval::gpt4_1e4a8aeb,1024,A_react,A_cot,0.0,0.0,0.0,0.75
longmemeval::gpt4_1e4a8aeb,1024,A_plan,A_react,1.0,1.0,0.0,0.8124999999999999
longmemeval::gpt4_1e4a8aeb,1024,A_plan,A_cot,0.0,0.0,0.0,0.875
longmemeval::gpt4_1e4a8aeb,1024,A_cot,A_react,1.0,1.0,0.0,0.8666666666666667
longmemeval::gpt4_1e4a8aeb,1024,A_cot,A_plan,0.0,0.0,0.0,0.9374999999999999
longmemeval::27016adc,128,A_react,A_plan,1.0,1.0,0.0,0.5
longmemeval::27016adc,128,A_react,A_cot,1.0,0.0,1.0,0.5
longmemeval::27016adc,128,A_plan,A_react,1.0,1.0,0.0,0.5
longmemeval::27016adc,128,A_plan,A_cot,1.0,1.0,0.0,0.25
longmemeval::27016adc,128,A_cot,A_react,1.0,1.0,0.0,0.5625
longmemeval::27016adc,128,A_cot,A_plan,1.0,1.0,0.0,0.3125
longmemeval::27016adc,256,A_react,A_plan,1.0,1.0,0.0,0.5
longmemeval::27016adc,256,A_react,A_cot,1.0,1.0,0.0,0.5
longmemeval::27016adc,256,A_plan,A_react,1.0,1.0,0.0,0.5
longmemeval::27016adc,256,A_plan,A_cot,1.0,1.0,0.0,0.25
longmemeval::27016adc,256,A_cot,A_react,1.0,1.0,0.0,0.5625
longmemeval::27016adc,256,A_cot,A_plan,1.0,1.0,0.0,0.3125
longmemeval::27016adc,512,A_react,A_plan,1.0,1.0,0.0,0.5
longmemeval::27016adc,512,A_react,A_cot,1.0,1.0,0.0,0.5
longmemeval::27016adc,512,A_plan,A_react,1.0,1.0,0.0,0.5
longmemeval::27016adc,512,A_plan,A_cot,1.0,1.0,0.0,0.25
longmemeval::27016adc,512,A_cot,A_react,1.0,1.0,0.0,0.5625
longmemeval::27016adc,512,A_cot,A_plan,1.0,1.0,0.0,0.3125
longmemeval::27016adc,1024,A_react,A_plan,0.0,1.0,-1.0,0.5
longmemeval::27016adc,1024,A_react,A_cot,1.0,1.0,0.0,0.5
longmemeval::27016adc,1024,A_plan,A_react,1.0,1.0,0.0,0.5
longmemeval::27016adc,1024,A_plan,A_cot,1.0,0.0,1.0,0.25
longmemeval::27016adc,1024,A_cot,A_react,1.0,1.0,0.0,0.5625
longmemeval::27016adc,1024,A_cot,A_plan,0.0,1.0,-1.0,0.3125
