model,prompt_family,init_type,condition_type,fact_type,round,hazard,survival_rate
minimax,general_task_agnostic,RAW_FULL,task_agnostic,ACTION_OUTCOME,0,0.0,1.0
minimax,general_task_agnostic,RAW_FULL,task_agnostic,ACTION_OUTCOME,1,0.3333333399999999,0.6666666666666666
minimax,general_task_agnostic,RAW_FULL,task_agnostic,ACTION_OUTCOME,2,1.4999999797815633e-08,0.6666666666666666
minimax,general_task_agnostic,RAW_FULL,task_agnostic,ACTION_OUTCOME,3,0.16666667916666644,0.5555555555555556
minimax,general_task_agnostic,RAW_FULL,task_agnostic,ACTION_OUTCOME,4,-0.19999997840000017,0.6666666666666666
minimax,general_task_agnostic,RAW_FULL,task_agnostic,ACTION_OUTCOME,5,1.4999999797815633e-08,0.6666666666666666
minimax,general_task_agnostic,RAW_FULL,task_agnostic,ACTION_OUTCOME,6,1.4999999797815633e-08,0.6666666666666666
minimax,general_task_agnostic,RAW_FULL,task_agnostic,API_SCHEMA_OR_PARAMETER,0,0.0,1.0
minimax,general_task_agnostic,RAW_FULL,task_agnostic,API_SCHEMA_OR_PARAMETER,1,0.4074074133333333,0.5925925925925926
minimax,general_task_agnostic,RAW_FULL,task_agnostic,API_SCHEMA_OR_PARAMETER,2,0.43750000949218737,0.3333333333333333
minimax,general_task_agnostic,RAW_FULL,task_agnostic,API_SCHEMA_OR_PARAMETER,3,0.2222222455555548,0.25925925925925924
minimax,general_task_agnostic,RAW_FULL,task_agnostic,API_SCHEMA_OR_PARAMETER,4,3.857142705232519e-08,0.25925925925925924
minimax,general_task_agnostic,RAW_FULL,task_agnostic,API_SCHEMA_OR_PARAMETER,5,0.428571450612244,0.14814814814814814
minimax,general_task_agnostic,RAW_FULL,task_agnostic,API_SCHEMA_OR_PARAMETER,6,6.749999537092322e-08,0.14814814814814814
minimax,general_task_agnostic,RAW_FULL,task_agnostic,AUTH_OR_ACCESS_TOKEN,0,0.0,1.0
minimax,general_task_agnostic,RAW_FULL,task_agnostic,AUTH_OR_ACCESS_TOKEN,1,0.2333333409999998,0.7666666666666667
minimax,general_task_agnostic,RAW_FULL,task_agnostic,AUTH_OR_ACCESS_TOKEN,2,0.4347826160680529,0.43333333333333335
minimax,general_task_agnostic,RAW_FULL,task_agnostic,AUTH_OR_ACCESS_TOKEN,3,0.15384617337278073,0.36666666666666664
minimax,general_task_agnostic,RAW_FULL,task_agnostic,AUTH_OR_ACCESS_TOKEN,4,0.09090911570247862,0.3333333333333333
minimax,general_task_agnostic,RAW_FULL,task_agnostic,AUTH_OR_ACCESS_TOKEN,5,0.20000002399999928,0.26666666666666666
minimax,general_task_agnostic,RAW_FULL,task_agnostic,AUTH_OR_ACCESS_TOKEN,6,3.749999855084951e-08,0.26666666666666666
minimax,general_task_agnostic,RAW_FULL,task_agnostic,COMPLETED_SUBTASK,0,0.0,1.0
minimax,general_task_agnostic,RAW_FULL,task_agnostic,COMPLETED_SUBTASK,1,9.999999828202988e-09,1.0
minimax,general_task_agnostic,RAW_FULL,task_agnostic,COMPLETED_SUBTASK,2,9.999999828202988e-09,1.0
minimax,general_task_agnostic,RAW_FULL,task_agnostic,COMPLETED_SUBTASK,3,9.999999828202988e-09,1.0
minimax,general_task_agnostic,RAW_FULL,task_agnostic,COMPLETED_SUBTASK,4,9.999999828202988e-09,1.0
minimax,general_task_agnostic,RAW_FULL,task_agnostic,COMPLETED_SUBTASK,5,9.999999828202988e-09,1.0
minimax,general_task_agnostic,RAW_FULL,task_agnostic,COMPLETED_SUBTASK,6,9.999999828202988e-09,1.0
minimax,general_task_agnostic,RAW_FULL,task_agnostic,ENVIRONMENT_STATE,0,0.0,1.0
minimax,general_task_agnostic,RAW_FULL,task_agnostic,ENVIRONMENT_STATE,1,9.999999828202988e-09,1.0
minimax,general_task_agnostic,RAW_FULL,task_agnostic,ENVIRONMENT_STATE,2,9.999999828202988e-09,1.0
minimax,general_task_agnostic,RAW_FULL,task_agnostic,ENVIRONMENT_STATE,3,9.999999828202988e-09,1.0
minimax,general_task_agnostic,RAW_FULL,task_agnostic,ENVIRONMENT_STATE,4,9.999999828202988e-09,1.0
minimax,general_task_agnostic,RAW_FULL,task_agnostic,ENVIRONMENT_STATE,5,9.999999828202988e-09,1.0
minimax,general_task_agnostic,RAW_FULL,task_agnostic,ENVIRONMENT_STATE,6,9.999999828202988e-09,1.0
minimax,general_task_agnostic,RAW_FULL,task_agnostic,EXACT_IDENTIFIER,0,0.0,1.0
minimax,general_task_agnostic,RAW_FULL,task_agnostic,EXACT_IDENTIFIER,1,9.999999828202988e-09,1.0
minimax,general_task_agnostic,RAW_FULL,task_agnostic,EXACT_IDENTIFIER,2,0.12500000874999984,0.875
minimax,general_task_agnostic,RAW_FULL,task_agnostic,EXACT_IDENTIFIER,3,0.07142858204081626,0.8125
minimax,general_task_agnostic,RAW_FULL,task_agnostic,EXACT_IDENTIFIER,4,0.07692308828402361,0.75
minimax,general_task_agnostic,RAW_FULL,task_agnostic,EXACT_IDENTIFIER,5,1.3333333215292953e-08,0.75
minimax,general_task_agnostic,RAW_FULL,task_agnostic,EXACT_IDENTIFIER,6,1.3333333215292953e-08,0.75
minimax,general_task_agnostic,RAW_FULL,task_agnostic,NARRATIVE_GOAL,0,0.0,1.0
minimax,general_task_agnostic,RAW_FULL,task_agnostic,NARRATIVE_GOAL,1,9.999999828202988e-09,1.0
minimax,general_task_agnostic,RAW_FULL,task_agnostic,NARRATIVE_GOAL,2,9.999999828202988e-09,1.0
minimax,general_task_agnostic,RAW_FULL,task_agnostic,NARRATIVE_GOAL,3,9.999999828202988e-09,1.0
minimax,general_task_agnostic,RAW_FULL,task_agnostic,NARRATIVE_GOAL,4,9.999999828202988e-09,1.0
minimax,general_task_agnostic,RAW_FULL,task_agnostic,NARRATIVE_GOAL,5,9.999999828202988e-09,1.0
minimax,general_task_agnostic,RAW_FULL,task_agnostic,NARRATIVE_GOAL,6,9.999999828202988e-09,1.0
minimax,general_task_agnostic,RAW_FULL,task_agnostic,NARRATIVE_PROGRESS,0,0.0,1.0
minimax,general_task_agnostic,RAW_FULL,task_agnostic,NARRATIVE_PROGRESS,1,0.25000000749999984,0.75
minimax,general_task_agnostic,RAW_FULL,task_agnostic,NARRATIVE_PROGRESS,2,1.3333333215292953e-08,0.75
minimax,general_task_agnostic,RAW_FULL,task_agnostic,NARRATIVE_PROGRESS,3,1.3333333215292953e-08,0.75
minimax,general_task_agnostic,RAW_FULL,task_agnostic,NARRATIVE_PROGRESS,4,0.3333333422222221,0.5
minimax,general_task_agnostic,RAW_FULL,task_agnostic,NARRATIVE_PROGRESS,5,1.9999999656405976e-08,0.5
minimax,general_task_agnostic,RAW_FULL,task_agnostic,NARRATIVE_PROGRESS,6,1.9999999656405976e-08,0.5
minimax,general_task_agnostic,RAW_FULL,task_agnostic,NEGATIVE_EVIDENCE_OR_FAILED_ATTEMPT,0,0.0,1.0
minimax,general_task_agnostic,RAW_FULL,task_agnostic,NEGATIVE_EVIDENCE_OR_FAILED_ATTEMPT,1,0.833333335,0.16666666666666666
minimax,general_task_agnostic,RAW_FULL,task_agnostic,NEGATIVE_EVIDENCE_OR_FAILED_ATTEMPT,2,0.5000000299999983,0.08333333333333333
minimax,general_task_agnostic,RAW_FULL,task_agnostic,NEGATIVE_EVIDENCE_OR_FAILED_ATTEMPT,3,1.1999998550393798e-07,0.08333333333333333
minimax,general_task_agnostic,RAW_FULL,task_agnostic,NEGATIVE_EVIDENCE_OR_FAILED_ATTEMPT,4,1.1999998550393798e-07,0.08333333333333333
minimax,general_task_agnostic,RAW_FULL,task_agnostic,NEGATIVE_EVIDENCE_OR_FAILED_ATTEMPT,5,1.1999998550393798e-07,0.08333333333333333
minimax,general_task_agnostic,RAW_FULL,task_agnostic,NEGATIVE_EVIDENCE_OR_FAILED_ATTEMPT,6,1.1999998550393798e-07,0.08333333333333333
minimax,general_task_agnostic,RAW_FULL,task_agnostic,NUMERIC_OR_DATE_LITERAL,0,0.0,1.0
minimax,general_task_agnostic,RAW_FULL,task_agnostic,NUMERIC_OR_DATE_LITERAL,1,9.999999828202988e-09,1.0
minimax,general_task_agnostic,RAW_FULL,task_agnostic,NUMERIC_OR_DATE_LITERAL,2,9.999999828202988e-09,1.0
minimax,general_task_agnostic,RAW_FULL,task_agnostic,NUMERIC_OR_DATE_LITERAL,3,9.999999828202988e-09,1.0
minimax,general_task_agnostic,RAW_FULL,task_agnostic,NUMERIC_OR_DATE_LITERAL,4,9.999999828202988e-09,1.0
minimax,general_task_agnostic,RAW_FULL,task_agnostic,NUMERIC_OR_DATE_LITERAL,5,9.999999828202988e-09,1.0
minimax,general_task_agnostic,RAW_FULL,task_agnostic,NUMERIC_OR_DATE_LITERAL,6,9.999999828202988e-09,1.0
minimax,general_task_agnostic,RAW_FULL,task_agnostic,RUNTIME_VARIABLE,0,0.038461538461538436,0.9615384615384616
minimax,general_task_agnostic,RAW_FULL,task_agnostic,RUNTIME_VARIABLE,1,0.16000000873599995,0.8076923076923077
minimax,general_task_agnostic,RAW_FULL,task_agnostic,RUNTIME_VARIABLE,2,0.19047620049886616,0.6538461538461539
minimax,general_task_agnostic,RAW_FULL,task_agnostic,RUNTIME_VARIABLE,3,0.05882354380622823,0.6153846153846154
minimax,general_task_agnostic,RAW_FULL,task_agnostic,RUNTIME_VARIABLE,4,0.06250001523437498,0.5769230769230769
minimax,general_task_agnostic,RAW_FULL,task_agnostic,RUNTIME_VARIABLE,5,0.06666668284444421,0.5384615384615384
minimax,general_task_agnostic,RAW_FULL,task_agnostic,RUNTIME_VARIABLE,6,0.07142858867346913,0.5
minimax,general_task_aware,DETAIL_HEAVY,needed,ACTION_OUTCOME,0,0.0,1.0
minimax,general_task_aware,DETAIL_HEAVY,needed,ACTION_OUTCOME,1,0.500000005,0.5
minimax,general_task_aware,DETAIL_HEAVY,needed,ACTION_OUTCOME,2,1.9999999656405976e-08,0.5
minimax,general_task_aware,DETAIL_HEAVY,needed,ACTION_OUTCOME,3,1.9999999656405976e-08,0.5
minimax,general_task_aware,DETAIL_HEAVY,needed,ACTION_OUTCOME,4,1.9999999656405976e-08,0.5
minimax,general_task_aware,DETAIL_HEAVY,needed,ACTION_OUTCOME,5,1.9999999656405976e-08,0.5
minimax,general_task_aware,DETAIL_HEAVY,needed,ACTION_OUTCOME,6,1.9999999656405976e-08,0.5
minimax,general_task_aware,DETAIL_HEAVY,needed,API_SCHEMA_OR_PARAMETER,0,0.0,1.0
minimax,general_task_aware,DETAIL_HEAVY,needed,API_SCHEMA_OR_PARAMETER,1,9.999999828202988e-09,1.0
minimax,general_task_aware,DETAIL_HEAVY,needed,API_SCHEMA_OR_PARAMETER,2,0.14285715142857136,0.8571428571428571
minimax,general_task_aware,DETAIL_HEAVY,needed,API_SCHEMA_OR_PARAMETER,3,1.1666666632770273e-08,0.8571428571428571
minimax,general_task_aware,DETAIL_HEAVY,needed,API_SCHEMA_OR_PARAMETER,4,0.0833333440277777,0.7857142857142857
minimax,general_task_aware,DETAIL_HEAVY,needed,API_SCHEMA_OR_PARAMETER,5,1.2727272680201906e-08,0.7857142857142857
minimax,general_task_aware,DETAIL_HEAVY,needed,API_SCHEMA_OR_PARAMETER,6,0.18181819223140483,0.6428571428571429
minimax,general_task_aware,DETAIL_HEAVY,needed,AUTH_OR_ACCESS_TOKEN,0,0.0,1.0
minimax,general_task_aware,DETAIL_HEAVY,needed,AUTH_OR_ACCESS_TOKEN,1,0.10000000899999983,0.9
minimax,general_task_aware,DETAIL_HEAVY,needed,AUTH_OR_ACCESS_TOKEN,2,0.27777778580246903,0.65
minimax,general_task_aware,DETAIL_HEAVY,needed,AUTH_OR_ACCESS_TOKEN,3,0.07692309112426032,0.6
minimax,general_task_aware,DETAIL_HEAVY,needed,AUTH_OR_ACCESS_TOKEN,4,0.16666668055555534,0.5
minimax,general_task_aware,DETAIL_HEAVY,needed,AUTH_OR_ACCESS_TOKEN,5,1.9999999656405976e-08,0.5
minimax,general_task_aware,DETAIL_HEAVY,needed,AUTH_OR_ACCESS_TOKEN,6,0.10000001799999969,0.45
minimax,general_task_aware,DETAIL_HEAVY,needed,COMPLETED_SUBTASK,0,0.0,1.0
minimax,general_task_aware,DETAIL_HEAVY,needed,COMPLETED_SUBTASK,1,9.999999828202988e-09,1.0
minimax,general_task_aware,DETAIL_HEAVY,needed,COMPLETED_SUBTASK,2,9.999999828202988e-09,1.0
minimax,general_task_aware,DETAIL_HEAVY,needed,COMPLETED_SUBTASK,3,9.999999828202988e-09,1.0
minimax,general_task_aware,DETAIL_HEAVY,needed,COMPLETED_SUBTASK,4,9.999999828202988e-09,1.0
minimax,general_task_aware,DETAIL_HEAVY,needed,COMPLETED_SUBTASK,5,0.3333333399999999,0.6666666666666666
minimax,general_task_aware,DETAIL_HEAVY,needed,COMPLETED_SUBTASK,6,1.4999999797815633e-08,0.6666666666666666
minimax,general_task_aware,DETAIL_HEAVY,needed,ENVIRONMENT_STATE,0,0.0,1.0
minimax,general_task_aware,DETAIL_HEAVY,needed,ENVIRONMENT_STATE,1,9.999999828202988e-09,1.0
minimax,general_task_aware,DETAIL_HEAVY,needed,ENVIRONMENT_STATE,2,9.999999828202988e-09,1.0
minimax,general_task_aware,DETAIL_HEAVY,needed,ENVIRONMENT_STATE,3,9.999999828202988e-09,1.0
minimax,general_task_aware,DETAIL_HEAVY,needed,ENVIRONMENT_STATE,4,9.999999828202988e-09,1.0
minimax,general_task_aware,DETAIL_HEAVY,needed,ENVIRONMENT_STATE,5,9.999999828202988e-09,1.0
minimax,general_task_aware,DETAIL_HEAVY,needed,ENVIRONMENT_STATE,6,9.999999828202988e-09,1.0
minimax,general_task_aware,DETAIL_HEAVY,needed,EXACT_IDENTIFIER,0,0.0,1.0
minimax,general_task_aware,DETAIL_HEAVY,needed,EXACT_IDENTIFIER,1,9.999999828202988e-09,1.0
minimax,general_task_aware,DETAIL_HEAVY,needed,EXACT_IDENTIFIER,2,9.999999828202988e-09,1.0
minimax,general_task_aware,DETAIL_HEAVY,needed,EXACT_IDENTIFIER,3,0.08333334249999991,0.9166666666666666
minimax,general_task_aware,DETAIL_HEAVY,needed,EXACT_IDENTIFIER,4,0.18181819074380157,0.75
minimax,general_task_aware,DETAIL_HEAVY,needed,EXACT_IDENTIFIER,5,0.11111112296296288,0.6666666666666666
minimax,general_task_aware,DETAIL_HEAVY,needed,EXACT_IDENTIFIER,6,0.12500001312499975,0.5833333333333334
minimax,general_task_aware,DETAIL_HEAVY,needed,NARRATIVE_PROGRESS,0,0.0,1.0
minimax,general_task_aware,DETAIL_HEAVY,needed,NARRATIVE_PROGRESS,1,0.500000005,0.5
minimax,general_task_aware,DETAIL_HEAVY,needed,NARRATIVE_PROGRESS,2,-0.9999999600000007,1.0
minimax,general_task_aware,DETAIL_HEAVY,needed,NARRATIVE_PROGRESS,3,9.999999828202988e-09,1.0
minimax,general_task_aware,DETAIL_HEAVY,needed,NARRATIVE_PROGRESS,4,0.500000005,0.5
minimax,general_task_aware,DETAIL_HEAVY,needed,NARRATIVE_PROGRESS,5,1.9999999656405976e-08,0.5
minimax,general_task_aware,DETAIL_HEAVY,needed,NARRATIVE_PROGRESS,6,-0.9999999600000007,1.0
minimax,general_task_aware,DETAIL_HEAVY,needed,NEGATIVE_EVIDENCE_OR_FAILED_ATTEMPT,0,0.0,1.0
minimax,general_task_aware,DETAIL_HEAVY,needed,NEGATIVE_EVIDENCE_OR_FAILED_ATTEMPT,1,0.12500000874999984,0.875
minimax,general_task_aware,DETAIL_HEAVY,needed,NEGATIVE_EVIDENCE_OR_FAILED_ATTEMPT,2,0.285714293877551,0.625
minimax,general_task_aware,DETAIL_HEAVY,needed,NEGATIVE_EVIDENCE_OR_FAILED_ATTEMPT,3,-0.09999998240000019,0.6875
minimax,general_task_aware,DETAIL_HEAVY,needed,NEGATIVE_EVIDENCE_OR_FAILED_ATTEMPT,4,1.4545454396497348e-08,0.6875
minimax,general_task_aware,DETAIL_HEAVY,needed,NEGATIVE_EVIDENCE_OR_FAILED_ATTEMPT,5,0.1818181937190082,0.5625
minimax,general_task_aware,DETAIL_HEAVY,needed,NEGATIVE_EVIDENCE_OR_FAILED_ATTEMPT,6,1.777777758338317e-08,0.5625
minimax,general_task_aware,DETAIL_HEAVY,needed,NUMERIC_OR_DATE_LITERAL,0,0.0,1.0
minimax,general_task_aware,DETAIL_HEAVY,needed,NUMERIC_OR_DATE_LITERAL,1,9.999999828202988e-09,1.0
minimax,general_task_aware,DETAIL_HEAVY,needed,NUMERIC_OR_DATE_LITERAL,2,9.999999828202988e-09,1.0
minimax,general_task_aware,DETAIL_HEAVY,needed,NUMERIC_OR_DATE_LITERAL,3,9.999999828202988e-09,1.0
minimax,general_task_aware,DETAIL_HEAVY,needed,NUMERIC_OR_DATE_LITERAL,4,9.999999828202988e-09,1.0
minimax,general_task_aware,DETAIL_HEAVY,needed,NUMERIC_OR_DATE_LITERAL,5,0.16666667499999988,0.8333333333333334
minimax,general_task_aware,DETAIL_HEAVY,needed,NUMERIC_OR_DATE_LITERAL,6,1.1999999882661427e-08,0.8333333333333334
minimax,general_task_aware,DETAIL_HEAVY,needed,RUNTIME_VARIABLE,0,0.0,1.0
minimax,general_task_aware,DETAIL_HEAVY,needed,RUNTIME_VARIABLE,1,0.06250000937499989,0.9375
minimax,general_task_aware,DETAIL_HEAVY,needed,RUNTIME_VARIABLE,2,0.06666667662222214,0.875
minimax,general_task_aware,DETAIL_HEAVY,needed,RUNTIME_VARIABLE,3,0.1428571526530612,0.75
minimax,general_task_aware,DETAIL_HEAVY,needed,RUNTIME_VARIABLE,4,0.0833333455555555,0.6875
minimax,general_task_aware,DETAIL_HEAVY,needed,RUNTIME_VARIABLE,5,0.3636363728925619,0.4375
minimax,general_task_aware,DETAIL_HEAVY,needed,RUNTIME_VARIABLE,6,2.2857142290000354e-08,0.4375
minimax,general_task_aware,FACT_TABLE_ONLY,needed,ACTION_OUTCOME,0,0.0,1.0
minimax,general_task_aware,FACT_TABLE_ONLY,needed,ACTION_OUTCOME,1,0.25000000749999984,0.75
minimax,general_task_aware,FACT_TABLE_ONLY,needed,ACTION_OUTCOME,2,1.3333333215292953e-08,0.75
minimax,general_task_aware,FACT_TABLE_ONLY,needed,ACTION_OUTCOME,3,0.3333333422222221,0.5
minimax,general_task_aware,FACT_TABLE_ONLY,needed,ACTION_OUTCOME,4,-0.4999999700000004,0.75
minimax,general_task_aware,FACT_TABLE_ONLY,needed,ACTION_OUTCOME,5,0.3333333422222221,0.5
minimax,general_task_aware,FACT_TABLE_ONLY,needed,ACTION_OUTCOME,6,1.9999999656405976e-08,0.5
minimax,general_task_aware,FACT_TABLE_ONLY,needed,API_SCHEMA_OR_PARAMETER,0,0.0,1.0
minimax,general_task_aware,FACT_TABLE_ONLY,needed,API_SCHEMA_OR_PARAMETER,1,9.999999828202988e-09,1.0
minimax,general_task_aware,FACT_TABLE_ONLY,needed,API_SCHEMA_OR_PARAMETER,2,9.999999828202988e-09,1.0
minimax,general_task_aware,FACT_TABLE_ONLY,needed,API_SCHEMA_OR_PARAMETER,3,9.999999828202988e-09,1.0
minimax,general_task_aware,FACT_TABLE_ONLY,needed,API_SCHEMA_OR_PARAMETER,4,9.999999828202988e-09,1.0
minimax,general_task_aware,FACT_TABLE_ONLY,needed,API_SCHEMA_OR_PARAMETER,5,0.07142858071428548,0.9285714285714286
minimax,general_task_aware,FACT_TABLE_ONLY,needed,API_SCHEMA_OR_PARAMETER,6,-0.0769230653254438,1.0
minimax,general_task_aware,FACT_TABLE_ONLY,needed,AUTH_OR_ACCESS_TOKEN,0,0.0,1.0
minimax,general_task_aware,FACT_TABLE_ONLY,needed,AUTH_OR_ACCESS_TOKEN,1,0.05000000949999994,0.95
minimax,general_task_aware,FACT_TABLE_ONLY,needed,AUTH_OR_ACCESS_TOKEN,2,0.05263158891966746,0.9
minimax,general_task_aware,FACT_TABLE_ONLY,needed,AUTH_OR_ACCESS_TOKEN,3,0.05555556604938272,0.85
minimax,general_task_aware,FACT_TABLE_ONLY,needed,AUTH_OR_ACCESS_TOKEN,4,1.1764705765138217e-08,0.85
minimax,general_task_aware,FACT_TABLE_ONLY,needed,AUTH_OR_ACCESS_TOKEN,5,-0.05882351695501753,0.9
minimax,general_task_aware,FACT_TABLE_ONLY,needed,AUTH_OR_ACCESS_TOKEN,6,0.05555556604938272,0.85
minimax,general_task_aware,FACT_TABLE_ONLY,needed,COMPLETED_SUBTASK,0,0.0,1.0
minimax,general_task_aware,FACT_TABLE_ONLY,needed,COMPLETED_SUBTASK,1,9.999999828202988e-09,1.0
minimax,general_task_aware,FACT_TABLE_ONLY,needed,COMPLETED_SUBTASK,2,9.999999828202988e-09,1.0
minimax,general_task_aware,FACT_TABLE_ONLY,needed,COMPLETED_SUBTASK,3,9.999999828202988e-09,1.0
minimax,general_task_aware,FACT_TABLE_ONLY,needed,COMPLETED_SUBTASK,4,9.999999828202988e-09,1.0
minimax,general_task_aware,FACT_TABLE_ONLY,needed,COMPLETED_SUBTASK,5,9.999999828202988e-09,1.0
minimax,general_task_aware,FACT_TABLE_ONLY,needed,COMPLETED_SUBTASK,6,9.999999828202988e-09,1.0
minimax,general_task_aware,FACT_TABLE_ONLY,needed,ENVIRONMENT_STATE,0,0.0,1.0
minimax,general_task_aware,FACT_TABLE_ONLY,needed,ENVIRONMENT_STATE,1,9.999999828202988e-09,1.0
minimax,general_task_aware,FACT_TABLE_ONLY,needed,ENVIRONMENT_STATE,2,9.999999828202988e-09,1.0
minimax,general_task_aware,FACT_TABLE_ONLY,needed,ENVIRONMENT_STATE,3,9.999999828202988e-09,1.0
minimax,general_task_aware,FACT_TABLE_ONLY,needed,ENVIRONMENT_STATE,4,9.999999828202988e-09,1.0
minimax,general_task_aware,FACT_TABLE_ONLY,needed,ENVIRONMENT_STATE,5,9.999999828202988e-09,1.0
minimax,general_task_aware,FACT_TABLE_ONLY,needed,ENVIRONMENT_STATE,6,9.999999828202988e-09,1.0
minimax,general_task_aware,FACT_TABLE_ONLY,needed,EXACT_IDENTIFIER,0,0.0,1.0
minimax,general_task_aware,FACT_TABLE_ONLY,needed,EXACT_IDENTIFIER,1,0.08333334249999991,0.9166666666666666
minimax,general_task_aware,FACT_TABLE_ONLY,needed,EXACT_IDENTIFIER,2,1.0909090852884162e-08,0.9166666666666666
minimax,general_task_aware,FACT_TABLE_ONLY,needed,EXACT_IDENTIFIER,3,0.0909091008264461,0.8333333333333334
minimax,general_task_aware,FACT_TABLE_ONLY,needed,EXACT_IDENTIFIER,4,1.1999999882661427e-08,0.8333333333333334
minimax,general_task_aware,FACT_TABLE_ONLY,needed,EXACT_IDENTIFIER,5,1.1999999882661427e-08,0.8333333333333334
minimax,general_task_aware,FACT_TABLE_ONLY,needed,EXACT_IDENTIFIER,6,1.1999999882661427e-08,0.8333333333333334
minimax,general_task_aware,FACT_TABLE_ONLY,needed,NARRATIVE_PROGRESS,0,0.0,1.0
minimax,general_task_aware,FACT_TABLE_ONLY,needed,NARRATIVE_PROGRESS,1,9.999999828202988e-09,1.0
minimax,general_task_aware,FACT_TABLE_ONLY,needed,NARRATIVE_PROGRESS,2,0.500000005,0.5
minimax,general_task_aware,FACT_TABLE_ONLY,needed,NARRATIVE_PROGRESS,3,1.9999999656405976e-08,0.5
minimax,general_task_aware,FACT_TABLE_ONLY,needed,NARRATIVE_PROGRESS,4,1.9999999656405976e-08,0.5
minimax,general_task_aware,FACT_TABLE_ONLY,needed,NARRATIVE_PROGRESS,5,1.9999999656405976e-08,0.5
minimax,general_task_aware,FACT_TABLE_ONLY,needed,NARRATIVE_PROGRESS,6,1.9999999656405976e-08,0.5
minimax,general_task_aware,FACT_TABLE_ONLY,needed,NEGATIVE_EVIDENCE_OR_FAILED_ATTEMPT,0,0.0,1.0
minimax,general_task_aware,FACT_TABLE_ONLY,needed,NEGATIVE_EVIDENCE_OR_FAILED_ATTEMPT,1,9.999999828202988e-09,1.0
minimax,general_task_aware,FACT_TABLE_ONLY,needed,NEGATIVE_EVIDENCE_OR_FAILED_ATTEMPT,2,9.999999828202988e-09,1.0
minimax,general_task_aware,FACT_TABLE_ONLY,needed,NEGATIVE_EVIDENCE_OR_FAILED_ATTEMPT,3,0.06250000937499989,0.9375
minimax,general_task_aware,FACT_TABLE_ONLY,needed,NEGATIVE_EVIDENCE_OR_FAILED_ATTEMPT,4,1.0666666661052204e-08,0.9375
minimax,general_task_aware,FACT_TABLE_ONLY,needed,NEGATIVE_EVIDENCE_OR_FAILED_ATTEMPT,5,1.0666666661052204e-08,0.9375
minimax,general_task_aware,FACT_TABLE_ONLY,needed,NEGATIVE_EVIDENCE_OR_FAILED_ATTEMPT,6,1.0666666661052204e-08,0.9375
minimax,general_task_aware,FACT_TABLE_ONLY,needed,NUMERIC_OR_DATE_LITERAL,0,0.0,1.0
minimax,general_task_aware,FACT_TABLE_ONLY,needed,NUMERIC_OR_DATE_LITERAL,1,9.999999828202988e-09,1.0
minimax,general_task_aware,FACT_TABLE_ONLY,needed,NUMERIC_OR_DATE_LITERAL,2,9.999999828202988e-09,1.0
minimax,general_task_aware,FACT_TABLE_ONLY,needed,NUMERIC_OR_DATE_LITERAL,3,9.999999828202988e-09,1.0
minimax,general_task_aware,FACT_TABLE_ONLY,needed,NUMERIC_OR_DATE_LITERAL,4,9.999999828202988e-09,1.0
minimax,general_task_aware,FACT_TABLE_ONLY,needed,NUMERIC_OR_DATE_LITERAL,5,9.999999828202988e-09,1.0
minimax,general_task_aware,FACT_TABLE_ONLY,needed,NUMERIC_OR_DATE_LITERAL,6,9.999999828202988e-09,1.0
minimax,general_task_aware,FACT_TABLE_ONLY,needed,RUNTIME_VARIABLE,0,0.0,1.0
minimax,general_task_aware,FACT_TABLE_ONLY,needed,RUNTIME_VARIABLE,1,9.999999828202988e-09,1.0
minimax,general_task_aware,FACT_TABLE_ONLY,needed,RUNTIME_VARIABLE,2,9.999999828202988e-09,1.0
minimax,general_task_aware,FACT_TABLE_ONLY,needed,RUNTIME_VARIABLE,3,9.999999828202988e-09,1.0
minimax,general_task_aware,FACT_TABLE_ONLY,needed,RUNTIME_VARIABLE,4,0.06250000937499989,0.9375
minimax,general_task_aware,FACT_TABLE_ONLY,needed,RUNTIME_VARIABLE,5,1.0666666661052204e-08,0.9375
minimax,general_task_aware,FACT_TABLE_ONLY,needed,RUNTIME_VARIABLE,6,1.0666666661052204e-08,0.9375
minimax,general_task_aware,NARRATIVE_HEAVY,needed,ACTION_OUTCOME,0,0.0,1.0
minimax,general_task_aware,NARRATIVE_HEAVY,needed,ACTION_OUTCOME,1,9.999999828202988e-09,1.0
minimax,general_task_aware,NARRATIVE_HEAVY,needed,ACTION_OUTCOME,2,0.25000000749999984,0.75
minimax,general_task_aware,NARRATIVE_HEAVY,needed,ACTION_OUTCOME,3,1.3333333215292953e-08,0.75
minimax,general_task_aware,NARRATIVE_HEAVY,needed,ACTION_OUTCOME,4,0.3333333422222221,0.5
minimax,general_task_aware,NARRATIVE_HEAVY,needed,ACTION_OUTCOME,5,0.5000000099999998,0.25
minimax,general_task_aware,NARRATIVE_HEAVY,needed,ACTION_OUTCOME,6,-0.9999999200000032,0.5
minimax,general_task_aware,NARRATIVE_HEAVY,needed,API_SCHEMA_OR_PARAMETER,0,0.0714285714285714,0.9285714285714286
minimax,general_task_aware,NARRATIVE_HEAVY,needed,API_SCHEMA_OR_PARAMETER,1,0.4615384673372781,0.5
minimax,general_task_aware,NARRATIVE_HEAVY,needed,API_SCHEMA_OR_PARAMETER,2,0.14285715999999982,0.42857142857142855
minimax,general_task_aware,NARRATIVE_HEAVY,needed,API_SCHEMA_OR_PARAMETER,3,-0.3333333022222229,0.5714285714285714
minimax,general_task_aware,NARRATIVE_HEAVY,needed,API_SCHEMA_OR_PARAMETER,4,0.3750000109374998,0.35714285714285715
minimax,general_task_aware,NARRATIVE_HEAVY,needed,API_SCHEMA_OR_PARAMETER,5,2.799999920810592e-08,0.35714285714285715
minimax,general_task_aware,NARRATIVE_HEAVY,needed,API_SCHEMA_OR_PARAMETER,6,2.799999920810592e-08,0.35714285714285715
minimax,general_task_aware,NARRATIVE_HEAVY,needed,AUTH_OR_ACCESS_TOKEN,0,0.050000000000000044,0.95
minimax,general_task_aware,NARRATIVE_HEAVY,needed,AUTH_OR_ACCESS_TOKEN,1,0.31578948088642644,0.65
minimax,general_task_aware,NARRATIVE_HEAVY,needed,AUTH_OR_ACCESS_TOKEN,2,0.15384616686390518,0.55
minimax,general_task_aware,NARRATIVE_HEAVY,needed,AUTH_OR_ACCESS_TOKEN,3,0.09090910743801639,0.5
minimax,general_task_aware,NARRATIVE_HEAVY,needed,AUTH_OR_ACCESS_TOKEN,4,0.4000000119999998,0.3
minimax,general_task_aware,NARRATIVE_HEAVY,needed,AUTH_OR_ACCESS_TOKEN,5,3.3333332205565114e-08,0.3
minimax,general_task_aware,NARRATIVE_HEAVY,needed,AUTH_OR_ACCESS_TOKEN,6,3.3333332205565114e-08,0.3
minimax,general_task_aware,NARRATIVE_HEAVY,needed,COMPLETED_SUBTASK,0,0.0,1.0
minimax,general_task_aware,NARRATIVE_HEAVY,needed,COMPLETED_SUBTASK,1,0.3333333399999999,0.6666666666666666
minimax,general_task_aware,NARRATIVE_HEAVY,needed,COMPLETED_SUBTASK,2,1.4999999797815633e-08,0.6666666666666666
minimax,general_task_aware,NARRATIVE_HEAVY,needed,COMPLETED_SUBTASK,3,1.4999999797815633e-08,0.6666666666666666
minimax,general_task_aware,NARRATIVE_HEAVY,needed,COMPLETED_SUBTASK,4,1.4999999797815633e-08,0.6666666666666666
minimax,general_task_aware,NARRATIVE_HEAVY,needed,COMPLETED_SUBTASK,5,1.4999999797815633e-08,0.6666666666666666
minimax,general_task_aware,NARRATIVE_HEAVY,needed,COMPLETED_SUBTASK,6,1.4999999797815633e-08,0.6666666666666666
minimax,general_task_aware,NARRATIVE_HEAVY,needed,ENVIRONMENT_STATE,0,0.0,1.0
minimax,general_task_aware,NARRATIVE_HEAVY,needed,ENVIRONMENT_STATE,1,9.999999828202988e-09,1.0
minimax,general_task_aware,NARRATIVE_HEAVY,needed,ENVIRONMENT_STATE,2,9.999999828202988e-09,1.0
minimax,general_task_aware,NARRATIVE_HEAVY,needed,ENVIRONMENT_STATE,3,9.999999828202988e-09,1.0
minimax,general_task_aware,NARRATIVE_HEAVY,needed,ENVIRONMENT_STATE,4,1.0,0.0
minimax,general_task_aware,NARRATIVE_HEAVY,needed,ENVIRONMENT_STATE,5,,0.0
minimax,general_task_aware,NARRATIVE_HEAVY,needed,ENVIRONMENT_STATE,6,,0.0
minimax,general_task_aware,NARRATIVE_HEAVY,needed,EXACT_IDENTIFIER,0,0.0,1.0
minimax,general_task_aware,NARRATIVE_HEAVY,needed,EXACT_IDENTIFIER,1,0.08333334249999991,0.9166666666666666
minimax,general_task_aware,NARRATIVE_HEAVY,needed,EXACT_IDENTIFIER,2,0.18181819074380157,0.75
minimax,general_task_aware,NARRATIVE_HEAVY,needed,EXACT_IDENTIFIER,3,0.11111112296296288,0.6666666666666666
minimax,general_task_aware,NARRATIVE_HEAVY,needed,EXACT_IDENTIFIER,4,0.12500001312499975,0.5833333333333334
minimax,general_task_aware,NARRATIVE_HEAVY,needed,EXACT_IDENTIFIER,5,1.7142856911789295e-08,0.5833333333333334
minimax,general_task_aware,NARRATIVE_HEAVY,needed,EXACT_IDENTIFIER,6,1.7142856911789295e-08,0.5833333333333334
minimax,general_task_aware,NARRATIVE_HEAVY,needed,NARRATIVE_PROGRESS,0,0.0,1.0
minimax,general_task_aware,NARRATIVE_HEAVY,needed,NARRATIVE_PROGRESS,1,1.0,0.0
minimax,general_task_aware,NARRATIVE_HEAVY,needed,NARRATIVE_PROGRESS,2,,0.0
minimax,general_task_aware,NARRATIVE_HEAVY,needed,NARRATIVE_PROGRESS,3,,0.5
minimax,general_task_aware,NARRATIVE_HEAVY,needed,NARRATIVE_PROGRESS,4,1.0,0.0
minimax,general_task_aware,NARRATIVE_HEAVY,needed,NARRATIVE_PROGRESS,5,,0.0
minimax,general_task_aware,NARRATIVE_HEAVY,needed,NARRATIVE_PROGRESS,6,,0.0
minimax,general_task_aware,NARRATIVE_HEAVY,needed,NEGATIVE_EVIDENCE_OR_FAILED_ATTEMPT,0,0.4375,0.5625
minimax,general_task_aware,NARRATIVE_HEAVY,needed,NEGATIVE_EVIDENCE_OR_FAILED_ATTEMPT,1,0.55555556345679,0.25
minimax,general_task_aware,NARRATIVE_HEAVY,needed,NEGATIVE_EVIDENCE_OR_FAILED_ATTEMPT,2,0.2500000299999988,0.1875
minimax,general_task_aware,NARRATIVE_HEAVY,needed,NEGATIVE_EVIDENCE_OR_FAILED_ATTEMPT,3,0.333333368888887,0.125
minimax,general_task_aware,NARRATIVE_HEAVY,needed,NEGATIVE_EVIDENCE_OR_FAILED_ATTEMPT,4,-0.4999998800000096,0.1875
minimax,general_task_aware,NARRATIVE_HEAVY,needed,NEGATIVE_EVIDENCE_OR_FAILED_ATTEMPT,5,5.333333041868116e-08,0.1875
minimax,general_task_aware,NARRATIVE_HEAVY,needed,NEGATIVE_EVIDENCE_OR_FAILED_ATTEMPT,6,5.333333041868116e-08,0.1875
minimax,general_task_aware,NARRATIVE_HEAVY,needed,NUMERIC_OR_DATE_LITERAL,0,0.0,1.0
minimax,general_task_aware,NARRATIVE_HEAVY,needed,NUMERIC_OR_DATE_LITERAL,1,9.999999828202988e-09,1.0
minimax,general_task_aware,NARRATIVE_HEAVY,needed,NUMERIC_OR_DATE_LITERAL,2,0.16666667499999988,0.8333333333333334
minimax,general_task_aware,NARRATIVE_HEAVY,needed,NUMERIC_OR_DATE_LITERAL,3,1.1999999882661427e-08,0.8333333333333334
minimax,general_task_aware,NARRATIVE_HEAVY,needed,NUMERIC_OR_DATE_LITERAL,4,1.1999999882661427e-08,0.8333333333333334
minimax,general_task_aware,NARRATIVE_HEAVY,needed,NUMERIC_OR_DATE_LITERAL,5,1.1999999882661427e-08,0.8333333333333334
minimax,general_task_aware,NARRATIVE_HEAVY,needed,NUMERIC_OR_DATE_LITERAL,6,-0.1999999856000001,1.0
minimax,general_task_aware,NARRATIVE_HEAVY,needed,RUNTIME_VARIABLE,0,0.0,1.0
minimax,general_task_aware,NARRATIVE_HEAVY,needed,RUNTIME_VARIABLE,1,0.06250000937499989,0.9375
minimax,general_task_aware,NARRATIVE_HEAVY,needed,RUNTIME_VARIABLE,2,0.06666667662222214,0.875
minimax,general_task_aware,NARRATIVE_HEAVY,needed,RUNTIME_VARIABLE,3,0.07142858204081626,0.8125
minimax,general_task_aware,NARRATIVE_HEAVY,needed,RUNTIME_VARIABLE,4,0.07692308828402361,0.75
minimax,general_task_aware,NARRATIVE_HEAVY,needed,RUNTIME_VARIABLE,5,1.3333333215292953e-08,0.75
minimax,general_task_aware,NARRATIVE_HEAVY,needed,RUNTIME_VARIABLE,6,1.3333333215292953e-08,0.75
minimax,general_task_aware,RAW_FULL,needed,ACTION_OUTCOME,0,0.0,1.0
minimax,general_task_aware,RAW_FULL,needed,ACTION_OUTCOME,1,0.3076923146153845,0.6923076923076923
minimax,general_task_aware,RAW_FULL,needed,ACTION_OUTCOME,2,0.11111112395061706,0.6153846153846154
minimax,general_task_aware,RAW_FULL,needed,ACTION_OUTCOME,3,-0.24999997968750032,0.7692307692307693
minimax,general_task_aware,RAW_FULL,needed,ACTION_OUTCOME,4,0.10000001169999995,0.6923076923076923
minimax,general_task_aware,RAW_FULL,needed,ACTION_OUTCOME,5,0.11111112395061706,0.6153846153846154
minimax,general_task_aware,RAW_FULL,needed,ACTION_OUTCOME,6,1.6249999790218794e-08,0.6153846153846154
minimax,general_task_aware,RAW_FULL,needed,API_SCHEMA_OR_PARAMETER,0,0.0,1.0
minimax,general_task_aware,RAW_FULL,needed,API_SCHEMA_OR_PARAMETER,1,0.3658536648780487,0.6341463414634146
minimax,general_task_aware,RAW_FULL,needed,API_SCHEMA_OR_PARAMETER,2,0.07692309147928988,0.5853658536585366
minimax,general_task_aware,RAW_FULL,needed,API_SCHEMA_OR_PARAMETER,3,0.29166667876736097,0.4146341463414634
minimax,general_task_aware,RAW_FULL,needed,API_SCHEMA_OR_PARAMETER,4,0.23529413608996486,0.3170731707317073
minimax,general_task_aware,RAW_FULL,needed,API_SCHEMA_OR_PARAMETER,5,3.15384605098501e-08,0.3170731707317073
minimax,general_task_aware,RAW_FULL,needed,API_SCHEMA_OR_PARAMETER,6,3.15384605098501e-08,0.3170731707317073
minimax,general_task_aware,RAW_FULL,needed,AUTH_OR_ACCESS_TOKEN,0,0.0,1.0
minimax,general_task_aware,RAW_FULL,needed,AUTH_OR_ACCESS_TOKEN,1,0.22000000779999984,0.78
minimax,general_task_aware,RAW_FULL,needed,AUTH_OR_ACCESS_TOKEN,2,0.10256411406969101,0.7
minimax,general_task_aware,RAW_FULL,needed,AUTH_OR_ACCESS_TOKEN,3,0.14285715510204067,0.6
minimax,general_task_aware,RAW_FULL,needed,AUTH_OR_ACCESS_TOKEN,4,0.1333333477777775,0.52
minimax,general_task_aware,RAW_FULL,needed,AUTH_OR_ACCESS_TOKEN,5,0.03846155695266251,0.5
minimax,general_task_aware,RAW_FULL,needed,AUTH_OR_ACCESS_TOKEN,6,0.0800000183999997,0.46
minimax,general_task_aware,RAW_FULL,needed,COMPLETED_SUBTASK,0,0.0,1.0
minimax,general_task_aware,RAW_FULL,needed,COMPLETED_SUBTASK,1,0.3333333399999999,0.6666666666666666
minimax,general_task_aware,RAW_FULL,needed,COMPLETED_SUBTASK,2,1.4999999797815633e-08,0.6666666666666666
minimax,general_task_aware,RAW_FULL,needed,COMPLETED_SUBTASK,3,1.4999999797815633e-08,0.6666666666666666
minimax,general_task_aware,RAW_FULL,needed,COMPLETED_SUBTASK,4,1.4999999797815633e-08,0.6666666666666666
minimax,general_task_aware,RAW_FULL,needed,COMPLETED_SUBTASK,5,1.4999999797815633e-08,0.6666666666666666
minimax,general_task_aware,RAW_FULL,needed,COMPLETED_SUBTASK,6,1.4999999797815633e-08,0.6666666666666666
minimax,general_task_aware,RAW_FULL,needed,ENVIRONMENT_STATE,0,0.0,1.0
minimax,general_task_aware,RAW_FULL,needed,ENVIRONMENT_STATE,1,9.999999828202988e-09,1.0
minimax,general_task_aware,RAW_FULL,needed,ENVIRONMENT_STATE,2,9.999999828202988e-09,1.0
minimax,general_task_aware,RAW_FULL,needed,ENVIRONMENT_STATE,3,9.999999828202988e-09,1.0
minimax,general_task_aware,RAW_FULL,needed,ENVIRONMENT_STATE,4,9.999999828202988e-09,1.0
minimax,general_task_aware,RAW_FULL,needed,ENVIRONMENT_STATE,5,9.999999828202988e-09,1.0
minimax,general_task_aware,RAW_FULL,needed,ENVIRONMENT_STATE,6,9.999999828202988e-09,1.0
minimax,general_task_aware,RAW_FULL,needed,EXACT_IDENTIFIER,0,0.0,1.0
minimax,general_task_aware,RAW_FULL,needed,EXACT_IDENTIFIER,1,0.07142858071428548,0.9285714285714286
minimax,general_task_aware,RAW_FULL,needed,EXACT_IDENTIFIER,2,1.0769230729401613e-08,0.9285714285714286
minimax,general_task_aware,RAW_FULL,needed,EXACT_IDENTIFIER,3,0.038461548816567936,0.8928571428571429
minimax,general_task_aware,RAW_FULL,needed,EXACT_IDENTIFIER,4,0.04000001075199999,0.8571428571428571
minimax,general_task_aware,RAW_FULL,needed,EXACT_IDENTIFIER,5,1.1666666632770273e-08,0.8571428571428571
minimax,general_task_aware,RAW_FULL,needed,EXACT_IDENTIFIER,6,1.1666666632770273e-08,0.8571428571428571
minimax,general_task_aware,RAW_FULL,needed,NARRATIVE_GOAL,0,0.0,1.0
minimax,general_task_aware,RAW_FULL,needed,NARRATIVE_GOAL,1,9.999999828202988e-09,1.0
minimax,general_task_aware,RAW_FULL,needed,NARRATIVE_GOAL,2,9.999999828202988e-09,1.0
minimax,general_task_aware,RAW_FULL,needed,NARRATIVE_GOAL,3,9.999999828202988e-09,1.0
minimax,general_task_aware,RAW_FULL,needed,NARRATIVE_GOAL,4,9.999999828202988e-09,1.0
minimax,general_task_aware,RAW_FULL,needed,NARRATIVE_GOAL,5,9.999999828202988e-09,1.0
minimax,general_task_aware,RAW_FULL,needed,NARRATIVE_GOAL,6,9.999999828202988e-09,1.0
minimax,general_task_aware,RAW_FULL,needed,NARRATIVE_PROGRESS,0,0.0,1.0
minimax,general_task_aware,RAW_FULL,needed,NARRATIVE_PROGRESS,1,0.6666666699999999,0.3333333333333333
minimax,general_task_aware,RAW_FULL,needed,NARRATIVE_PROGRESS,2,2.9999999040519754e-08,0.3333333333333333
minimax,general_task_aware,RAW_FULL,needed,NARRATIVE_PROGRESS,3,2.9999999040519754e-08,0.3333333333333333
minimax,general_task_aware,RAW_FULL,needed,NARRATIVE_PROGRESS,4,2.9999999040519754e-08,0.3333333333333333
minimax,general_task_aware,RAW_FULL,needed,NARRATIVE_PROGRESS,5,0.5000000149999995,0.16666666666666666
minimax,general_task_aware,RAW_FULL,needed,NARRATIVE_PROGRESS,6,-0.9999998800000072,0.3333333333333333
minimax,general_task_aware,RAW_FULL,needed,NEGATIVE_EVIDENCE_OR_FAILED_ATTEMPT,0,0.0,1.0
minimax,general_task_aware,RAW_FULL,needed,NEGATIVE_EVIDENCE_OR_FAILED_ATTEMPT,1,0.82500000175,0.175
minimax,general_task_aware,RAW_FULL,needed,NEGATIVE_EVIDENCE_OR_FAILED_ATTEMPT,2,5.7142853893132894e-08,0.175
minimax,general_task_aware,RAW_FULL,needed,NEGATIVE_EVIDENCE_OR_FAILED_ATTEMPT,3,-0.14285707755102428,0.2
minimax,general_task_aware,RAW_FULL,needed,NEGATIVE_EVIDENCE_OR_FAILED_ATTEMPT,4,0.12500004374999785,0.175
minimax,general_task_aware,RAW_FULL,needed,NEGATIVE_EVIDENCE_OR_FAILED_ATTEMPT,5,-0.14285707755102428,0.2
minimax,general_task_aware,RAW_FULL,needed,NEGATIVE_EVIDENCE_OR_FAILED_ATTEMPT,6,4.99999974756804e-08,0.2
minimax,general_task_aware,RAW_FULL,needed,NUMERIC_OR_DATE_LITERAL,0,0.0,1.0
minimax,general_task_aware,RAW_FULL,needed,NUMERIC_OR_DATE_LITERAL,1,9.999999828202988e-09,1.0
minimax,general_task_aware,RAW_FULL,needed,NUMERIC_OR_DATE_LITERAL,2,9.999999828202988e-09,1.0
minimax,general_task_aware,RAW_FULL,needed,NUMERIC_OR_DATE_LITERAL,3,9.999999828202988e-09,1.0
minimax,general_task_aware,RAW_FULL,needed,NUMERIC_OR_DATE_LITERAL,4,0.16666667499999988,0.8333333333333334
minimax,general_task_aware,RAW_FULL,needed,NUMERIC_OR_DATE_LITERAL,5,-0.0999999868000001,0.9166666666666666
minimax,general_task_aware,RAW_FULL,needed,NUMERIC_OR_DATE_LITERAL,6,1.0909090852884162e-08,0.9166666666666666
minimax,general_task_aware,RAW_FULL,needed,RUNTIME_VARIABLE,0,0.04761904761904767,0.9523809523809523
minimax,general_task_aware,RAW_FULL,needed,RUNTIME_VARIABLE,1,0.12500000918749987,0.8333333333333334
minimax,general_task_aware,RAW_FULL,needed,RUNTIME_VARIABLE,2,0.08571429668571429,0.7619047619047619
minimax,general_task_aware,RAW_FULL,needed,RUNTIME_VARIABLE,3,0.1250000114843749,0.6666666666666666
minimax,general_task_aware,RAW_FULL,needed,RUNTIME_VARIABLE,4,0.07142858535714258,0.6190476190476191
minimax,general_task_aware,RAW_FULL,needed,RUNTIME_VARIABLE,5,1.6153845927568966e-08,0.6190476190476191
minimax,general_task_aware,RAW_FULL,needed,RUNTIME_VARIABLE,6,-0.03846152168639083,0.6428571428571429
minimax,general_task_aware,RAW_FULL,unneeded,ACTION_OUTCOME,0,0.0,1.0
minimax,general_task_aware,RAW_FULL,unneeded,ACTION_OUTCOME,1,0.6666666699999999,0.3333333333333333
minimax,general_task_aware,RAW_FULL,unneeded,ACTION_OUTCOME,2,-0.3333332933333346,0.4444444444444444
minimax,general_task_aware,RAW_FULL,unneeded,ACTION_OUTCOME,3,0.5000000112499998,0.2222222222222222
minimax,general_task_aware,RAW_FULL,unneeded,ACTION_OUTCOME,4,0.500000022499999,0.1111111111111111
minimax,general_task_aware,RAW_FULL,unneeded,ACTION_OUTCOME,5,8.999999190351105e-08,0.1111111111111111
minimax,general_task_aware,RAW_FULL,unneeded,ACTION_OUTCOME,6,8.999999190351105e-08,0.1111111111111111
minimax,general_task_aware,RAW_FULL,unneeded,API_SCHEMA_OR_PARAMETER,0,0.0,1.0
minimax,general_task_aware,RAW_FULL,unneeded,API_SCHEMA_OR_PARAMETER,1,0.25925926666666654,0.7407407407407407
minimax,general_task_aware,RAW_FULL,unneeded,API_SCHEMA_OR_PARAMETER,2,0.3500000087749999,0.48148148148148145
minimax,general_task_aware,RAW_FULL,unneeded,API_SCHEMA_OR_PARAMETER,3,2.0769230335559996e-08,0.48148148148148145
minimax,general_task_aware,RAW_FULL,unneeded,API_SCHEMA_OR_PARAMETER,4,0.15384617142011792,0.4074074074074074
minimax,general_task_aware,RAW_FULL,unneeded,API_SCHEMA_OR_PARAMETER,5,0.09090911322313988,0.37037037037037035
minimax,general_task_aware,RAW_FULL,unneeded,API_SCHEMA_OR_PARAMETER,6,-0.09999997030000074,0.4074074074074074
minimax,general_task_aware,RAW_FULL,unneeded,AUTH_OR_ACCESS_TOKEN,0,0.0,1.0
minimax,general_task_aware,RAW_FULL,unneeded,AUTH_OR_ACCESS_TOKEN,1,0.3666666729999999,0.6333333333333333
minimax,general_task_aware,RAW_FULL,unneeded,AUTH_OR_ACCESS_TOKEN,2,0.4210526407202215,0.36666666666666664
minimax,general_task_aware,RAW_FULL,unneeded,AUTH_OR_ACCESS_TOKEN,3,-0.0909090611570258,0.4
minimax,general_task_aware,RAW_FULL,unneeded,AUTH_OR_ACCESS_TOKEN,4,0.25000001874999955,0.3
minimax,general_task_aware,RAW_FULL,unneeded,AUTH_OR_ACCESS_TOKEN,5,3.3333332205565114e-08,0.3
minimax,general_task_aware,RAW_FULL,unneeded,AUTH_OR_ACCESS_TOKEN,6,0.11111114074073969,0.26666666666666666
minimax,general_task_aware,RAW_FULL,unneeded,COMPLETED_SUBTASK,0,0.0,1.0
minimax,general_task_aware,RAW_FULL,unneeded,COMPLETED_SUBTASK,1,0.3333333399999999,0.6666666666666666
minimax,general_task_aware,RAW_FULL,unneeded,COMPLETED_SUBTASK,2,0.5000000075,0.3333333333333333
minimax,general_task_aware,RAW_FULL,unneeded,COMPLETED_SUBTASK,3,2.9999999040519754e-08,0.3333333333333333
minimax,general_task_aware,RAW_FULL,unneeded,COMPLETED_SUBTASK,4,2.9999999040519754e-08,0.3333333333333333
minimax,general_task_aware,RAW_FULL,unneeded,COMPLETED_SUBTASK,5,-0.9999999400000019,0.6666666666666666
minimax,general_task_aware,RAW_FULL,unneeded,COMPLETED_SUBTASK,6,1.4999999797815633e-08,0.6666666666666666
minimax,general_task_aware,RAW_FULL,unneeded,ENVIRONMENT_STATE,0,0.0,1.0
minimax,general_task_aware,RAW_FULL,unneeded,ENVIRONMENT_STATE,1,9.999999828202988e-09,1.0
minimax,general_task_aware,RAW_FULL,unneeded,ENVIRONMENT_STATE,2,9.999999828202988e-09,1.0
minimax,general_task_aware,RAW_FULL,unneeded,ENVIRONMENT_STATE,3,1.0,0.0
minimax,general_task_aware,RAW_FULL,unneeded,ENVIRONMENT_STATE,4,,0.0
minimax,general_task_aware,RAW_FULL,unneeded,ENVIRONMENT_STATE,5,,0.0
minimax,general_task_aware,RAW_FULL,unneeded,ENVIRONMENT_STATE,6,,0.0
minimax,general_task_aware,RAW_FULL,unneeded,EXACT_IDENTIFIER,0,0.0,1.0
minimax,general_task_aware,RAW_FULL,unneeded,EXACT_IDENTIFIER,1,0.12500000874999984,0.875
minimax,general_task_aware,RAW_FULL,unneeded,EXACT_IDENTIFIER,2,0.07142858204081626,0.8125
minimax,general_task_aware,RAW_FULL,unneeded,EXACT_IDENTIFIER,3,1.2307692198731957e-08,0.8125
minimax,general_task_aware,RAW_FULL,unneeded,EXACT_IDENTIFIER,4,0.1538461642603549,0.6875
minimax,general_task_aware,RAW_FULL,unneeded,EXACT_IDENTIFIER,5,1.4545454396497348e-08,0.6875
minimax,general_task_aware,RAW_FULL,unneeded,EXACT_IDENTIFIER,6,1.4545454396497348e-08,0.6875
minimax,general_task_aware,RAW_FULL,unneeded,NARRATIVE_GOAL,0,0.0,1.0
minimax,general_task_aware,RAW_FULL,unneeded,NARRATIVE_GOAL,1,9.999999828202988e-09,1.0
minimax,general_task_aware,RAW_FULL,unneeded,NARRATIVE_GOAL,2,9.999999828202988e-09,1.0
minimax,general_task_aware,RAW_FULL,unneeded,NARRATIVE_GOAL,3,0.500000005,0.5
minimax,general_task_aware,RAW_FULL,unneeded,NARRATIVE_GOAL,4,1.9999999656405976e-08,0.5
minimax,general_task_aware,RAW_FULL,unneeded,NARRATIVE_GOAL,5,-0.9999999600000007,1.0
minimax,general_task_aware,RAW_FULL,unneeded,NARRATIVE_GOAL,6,9.999999828202988e-09,1.0
minimax,general_task_aware,RAW_FULL,unneeded,NARRATIVE_PROGRESS,0,0.0,1.0
minimax,general_task_aware,RAW_FULL,unneeded,NARRATIVE_PROGRESS,1,0.7500000025,0.25
minimax,general_task_aware,RAW_FULL,unneeded,NARRATIVE_PROGRESS,2,-0.9999999200000032,0.5
minimax,general_task_aware,RAW_FULL,unneeded,NARRATIVE_PROGRESS,3,0.5000000099999998,0.25
minimax,general_task_aware,RAW_FULL,unneeded,NARRATIVE_PROGRESS,4,3.999999842463353e-08,0.25
minimax,general_task_aware,RAW_FULL,unneeded,NARRATIVE_PROGRESS,5,3.999999842463353e-08,0.25
minimax,general_task_aware,RAW_FULL,unneeded,NARRATIVE_PROGRESS,6,3.999999842463353e-08,0.25
minimax,general_task_aware,RAW_FULL,unneeded,NEGATIVE_EVIDENCE_OR_FAILED_ATTEMPT,0,0.0,1.0
minimax,general_task_aware,RAW_FULL,unneeded,NEGATIVE_EVIDENCE_OR_FAILED_ATTEMPT,1,0.833333335,0.16666666666666666
minimax,general_task_aware,RAW_FULL,unneeded,NEGATIVE_EVIDENCE_OR_FAILED_ATTEMPT,2,0.5000000299999983,0.08333333333333333
minimax,general_task_aware,RAW_FULL,unneeded,NEGATIVE_EVIDENCE_OR_FAILED_ATTEMPT,3,1.1999998550393798e-07,0.08333333333333333
minimax,general_task_aware,RAW_FULL,unneeded,NEGATIVE_EVIDENCE_OR_FAILED_ATTEMPT,4,1.1999998550393798e-07,0.08333333333333333
minimax,general_task_aware,RAW_FULL,unneeded,NEGATIVE_EVIDENCE_OR_FAILED_ATTEMPT,5,1.1999998550393798e-07,0.08333333333333333
minimax,general_task_aware,RAW_FULL,unneeded,NEGATIVE_EVIDENCE_OR_FAILED_ATTEMPT,6,1.1999998550393798e-07,0.08333333333333333
minimax,general_task_aware,RAW_FULL,unneeded,NUMERIC_OR_DATE_LITERAL,0,0.0,1.0
minimax,general_task_aware,RAW_FULL,unneeded,NUMERIC_OR_DATE_LITERAL,1,9.999999828202988e-09,1.0
minimax,general_task_aware,RAW_FULL,unneeded,NUMERIC_OR_DATE_LITERAL,2,0.16666667499999988,0.8333333333333334
minimax,general_task_aware,RAW_FULL,unneeded,NUMERIC_OR_DATE_LITERAL,3,1.1999999882661427e-08,0.8333333333333334
minimax,general_task_aware,RAW_FULL,unneeded,NUMERIC_OR_DATE_LITERAL,4,1.1999999882661427e-08,0.8333333333333334
minimax,general_task_aware,RAW_FULL,unneeded,NUMERIC_OR_DATE_LITERAL,5,1.1999999882661427e-08,0.8333333333333334
minimax,general_task_aware,RAW_FULL,unneeded,NUMERIC_OR_DATE_LITERAL,6,0.20000000959999997,0.6666666666666666
minimax,general_task_aware,RAW_FULL,unneeded,RUNTIME_VARIABLE,0,0.038461538461538436,0.9615384615384616
minimax,general_task_aware,RAW_FULL,unneeded,RUNTIME_VARIABLE,1,0.20000000831999998,0.7692307692307693
minimax,general_task_aware,RAW_FULL,unneeded,RUNTIME_VARIABLE,2,0.35000000845,0.5
minimax,general_task_aware,RAW_FULL,unneeded,RUNTIME_VARIABLE,3,0.07692309538461506,0.46153846153846156
minimax,general_task_aware,RAW_FULL,unneeded,RUNTIME_VARIABLE,4,2.1666666238928656e-08,0.46153846153846156
minimax,general_task_aware,RAW_FULL,unneeded,RUNTIME_VARIABLE,5,2.1666666238928656e-08,0.46153846153846156
minimax,general_task_aware,RAW_FULL,unneeded,RUNTIME_VARIABLE,6,2.1666666238928656e-08,0.46153846153846156
qwen,general_task_agnostic,RAW_FULL,task_agnostic,ACTION_OUTCOME,0,0.0,1.0
qwen,general_task_agnostic,RAW_FULL,task_agnostic,ACTION_OUTCOME,1,0.3333333399999999,0.6666666666666666
qwen,general_task_agnostic,RAW_FULL,task_agnostic,ACTION_OUTCOME,2,1.4999999797815633e-08,0.6666666666666666
qwen,general_task_agnostic,RAW_FULL,task_agnostic,ACTION_OUTCOME,3,0.16666667916666644,0.5555555555555556
qwen,general_task_agnostic,RAW_FULL,task_agnostic,ACTION_OUTCOME,4,-0.19999997840000017,0.6666666666666666
qwen,general_task_agnostic,RAW_FULL,task_agnostic,ACTION_OUTCOME,5,0.16666667916666644,0.5555555555555556
qwen,general_task_agnostic,RAW_FULL,task_agnostic,ACTION_OUTCOME,6,1.799999971296984e-08,0.5555555555555556
qwen,general_task_agnostic,RAW_FULL,task_agnostic,API_SCHEMA_OR_PARAMETER,0,0.03703703703703709,0.9629629629629629
qwen,general_task_agnostic,RAW_FULL,task_agnostic,API_SCHEMA_OR_PARAMETER,1,0.5384615432544378,0.4444444444444444
qwen,general_task_agnostic,RAW_FULL,task_agnostic,API_SCHEMA_OR_PARAMETER,2,0.16666668541666618,0.37037037037037035
qwen,general_task_agnostic,RAW_FULL,task_agnostic,API_SCHEMA_OR_PARAMETER,3,0.10000002429999932,0.3333333333333333
qwen,general_task_agnostic,RAW_FULL,task_agnostic,API_SCHEMA_OR_PARAMETER,4,0.11111113777777692,0.2962962962962963
qwen,general_task_agnostic,RAW_FULL,task_agnostic,API_SCHEMA_OR_PARAMETER,5,3.374999879568463e-08,0.2962962962962963
qwen,general_task_agnostic,RAW_FULL,task_agnostic,API_SCHEMA_OR_PARAMETER,6,3.374999879568463e-08,0.2962962962962963
qwen,general_task_agnostic,RAW_FULL,task_agnostic,AUTH_OR_ACCESS_TOKEN,0,0.0,1.0
qwen,general_task_agnostic,RAW_FULL,task_agnostic,AUTH_OR_ACCESS_TOKEN,1,0.600000004,0.4
qwen,general_task_agnostic,RAW_FULL,task_agnostic,AUTH_OR_ACCESS_TOKEN,2,2.4999999403974016e-08,0.4
qwen,general_task_agnostic,RAW_FULL,task_agnostic,AUTH_OR_ACCESS_TOKEN,3,0.16666668749999958,0.3333333333333333
qwen,general_task_agnostic,RAW_FULL,task_agnostic,AUTH_OR_ACCESS_TOKEN,4,0.10000002699999921,0.3
qwen,general_task_agnostic,RAW_FULL,task_agnostic,AUTH_OR_ACCESS_TOKEN,5,3.3333332205565114e-08,0.3
qwen,general_task_agnostic,RAW_FULL,task_agnostic,AUTH_OR_ACCESS_TOKEN,6,3.3333332205565114e-08,0.3
qwen,general_task_agnostic,RAW_FULL,task_agnostic,COMPLETED_SUBTASK,0,0.0,1.0
qwen,general_task_agnostic,RAW_FULL,task_agnostic,COMPLETED_SUBTASK,1,0.3333333399999999,0.6666666666666666
qwen,general_task_agnostic,RAW_FULL,task_agnostic,COMPLETED_SUBTASK,2,0.5000000075,0.3333333333333333
qwen,general_task_agnostic,RAW_FULL,task_agnostic,COMPLETED_SUBTASK,3,-0.9999999400000019,0.6666666666666666
qwen,general_task_agnostic,RAW_FULL,task_agnostic,COMPLETED_SUBTASK,4,1.4999999797815633e-08,0.6666666666666666
qwen,general_task_agnostic,RAW_FULL,task_agnostic,COMPLETED_SUBTASK,5,0.5000000075,0.3333333333333333
qwen,general_task_agnostic,RAW_FULL,task_agnostic,COMPLETED_SUBTASK,6,-0.9999999400000019,0.6666666666666666
qwen,general_task_agnostic,RAW_FULL,task_agnostic,ENVIRONMENT_STATE,0,0.0,1.0
qwen,general_task_agnostic,RAW_FULL,task_agnostic,ENVIRONMENT_STATE,1,9.999999828202988e-09,1.0
qwen,general_task_agnostic,RAW_FULL,task_agnostic,ENVIRONMENT_STATE,2,9.999999828202988e-09,1.0
qwen,general_task_agnostic,RAW_FULL,task_agnostic,ENVIRONMENT_STATE,3,9.999999828202988e-09,1.0
qwen,general_task_agnostic,RAW_FULL,task_agnostic,ENVIRONMENT_STATE,4,9.999999828202988e-09,1.0
qwen,general_task_agnostic,RAW_FULL,task_agnostic,ENVIRONMENT_STATE,5,9.999999828202988e-09,1.0
qwen,general_task_agnostic,RAW_FULL,task_agnostic,ENVIRONMENT_STATE,6,9.999999828202988e-09,1.0
qwen,general_task_agnostic,RAW_FULL,task_agnostic,EXACT_IDENTIFIER,0,0.0625,0.9375
qwen,general_task_agnostic,RAW_FULL,task_agnostic,EXACT_IDENTIFIER,1,0.20000000853333333,0.75
qwen,general_task_agnostic,RAW_FULL,task_agnostic,EXACT_IDENTIFIER,2,0.0833333455555555,0.6875
qwen,general_task_agnostic,RAW_FULL,task_agnostic,EXACT_IDENTIFIER,3,-0.0909090750413224,0.75
qwen,general_task_agnostic,RAW_FULL,task_agnostic,EXACT_IDENTIFIER,4,1.3333333215292953e-08,0.75
qwen,general_task_agnostic,RAW_FULL,task_agnostic,EXACT_IDENTIFIER,5,0.0833333455555555,0.6875
qwen,general_task_agnostic,RAW_FULL,task_agnostic,EXACT_IDENTIFIER,6,1.4545454396497348e-08,0.6875
qwen,general_task_agnostic,RAW_FULL,task_agnostic,NARRATIVE_GOAL,0,0.0,1.0
qwen,general_task_agnostic,RAW_FULL,task_agnostic,NARRATIVE_GOAL,1,0.500000005,0.5
qwen,general_task_agnostic,RAW_FULL,task_agnostic,NARRATIVE_GOAL,2,1.9999999656405976e-08,0.5
qwen,general_task_agnostic,RAW_FULL,task_agnostic,NARRATIVE_GOAL,3,1.9999999656405976e-08,0.5
qwen,general_task_agnostic,RAW_FULL,task_agnostic,NARRATIVE_GOAL,4,1.9999999656405976e-08,0.5
qwen,general_task_agnostic,RAW_FULL,task_agnostic,NARRATIVE_GOAL,5,1.9999999656405976e-08,0.5
qwen,general_task_agnostic,RAW_FULL,task_agnostic,NARRATIVE_GOAL,6,1.9999999656405976e-08,0.5
qwen,general_task_agnostic,RAW_FULL,task_agnostic,NARRATIVE_PROGRESS,0,0.25,0.75
qwen,general_task_agnostic,RAW_FULL,task_agnostic,NARRATIVE_PROGRESS,1,1.0,0.0
qwen,general_task_agnostic,RAW_FULL,task_agnostic,NARRATIVE_PROGRESS,2,,0.0
qwen,general_task_agnostic,RAW_FULL,task_agnostic,NARRATIVE_PROGRESS,3,,0.0
qwen,general_task_agnostic,RAW_FULL,task_agnostic,NARRATIVE_PROGRESS,4,,0.0
qwen,general_task_agnostic,RAW_FULL,task_agnostic,NARRATIVE_PROGRESS,5,,0.0
qwen,general_task_agnostic,RAW_FULL,task_agnostic,NARRATIVE_PROGRESS,6,,0.0
qwen,general_task_agnostic,RAW_FULL,task_agnostic,NEGATIVE_EVIDENCE_OR_FAILED_ATTEMPT,0,0.0,1.0
qwen,general_task_agnostic,RAW_FULL,task_agnostic,NEGATIVE_EVIDENCE_OR_FAILED_ATTEMPT,1,0.7500000025,0.25
qwen,general_task_agnostic,RAW_FULL,task_agnostic,NEGATIVE_EVIDENCE_OR_FAILED_ATTEMPT,2,0.5000000199999992,0.125
qwen,general_task_agnostic,RAW_FULL,task_agnostic,NEGATIVE_EVIDENCE_OR_FAILED_ATTEMPT,3,7.999999351859799e-08,0.125
qwen,general_task_agnostic,RAW_FULL,task_agnostic,NEGATIVE_EVIDENCE_OR_FAILED_ATTEMPT,4,7.999999351859799e-08,0.125
qwen,general_task_agnostic,RAW_FULL,task_agnostic,NEGATIVE_EVIDENCE_OR_FAILED_ATTEMPT,5,7.999999351859799e-08,0.125
qwen,general_task_agnostic,RAW_FULL,task_agnostic,NEGATIVE_EVIDENCE_OR_FAILED_ATTEMPT,6,-0.3333332266666751,0.16666666666666666
qwen,general_task_agnostic,RAW_FULL,task_agnostic,NUMERIC_OR_DATE_LITERAL,0,0.16666666666666663,0.8333333333333334
qwen,general_task_agnostic,RAW_FULL,task_agnostic,NUMERIC_OR_DATE_LITERAL,1,0.20000000959999997,0.6666666666666666
qwen,general_task_agnostic,RAW_FULL,task_agnostic,NUMERIC_OR_DATE_LITERAL,2,0.2500000112499998,0.5
qwen,general_task_agnostic,RAW_FULL,task_agnostic,NUMERIC_OR_DATE_LITERAL,3,-0.33333330666666705,0.6666666666666666
qwen,general_task_agnostic,RAW_FULL,task_agnostic,NUMERIC_OR_DATE_LITERAL,4,0.2500000112499998,0.5
qwen,general_task_agnostic,RAW_FULL,task_agnostic,NUMERIC_OR_DATE_LITERAL,5,1.9999999656405976e-08,0.5
qwen,general_task_agnostic,RAW_FULL,task_agnostic,NUMERIC_OR_DATE_LITERAL,6,1.9999999656405976e-08,0.5
qwen,general_task_agnostic,RAW_FULL,task_agnostic,RUNTIME_VARIABLE,0,0.07692307692307687,0.9230769230769231
qwen,general_task_agnostic,RAW_FULL,task_agnostic,RUNTIME_VARIABLE,1,0.6666666702777777,0.3076923076923077
qwen,general_task_agnostic,RAW_FULL,task_agnostic,RUNTIME_VARIABLE,2,0.12500002843749913,0.2692307692307692
qwen,general_task_agnostic,RAW_FULL,task_agnostic,RUNTIME_VARIABLE,3,-0.1428571004081649,0.3076923076923077
qwen,general_task_agnostic,RAW_FULL,task_agnostic,RUNTIME_VARIABLE,4,0.12500002843749913,0.2692307692307692
qwen,general_task_agnostic,RAW_FULL,task_agnostic,RUNTIME_VARIABLE,5,3.714285579103915e-08,0.2692307692307692
qwen,general_task_agnostic,RAW_FULL,task_agnostic,RUNTIME_VARIABLE,6,3.714285579103915e-08,0.2692307692307692
qwen,general_task_aware,DETAIL_HEAVY,needed,ACTION_OUTCOME,0,0.0,1.0
qwen,general_task_aware,DETAIL_HEAVY,needed,ACTION_OUTCOME,1,0.25000000749999984,0.75
qwen,general_task_aware,DETAIL_HEAVY,needed,ACTION_OUTCOME,2,0.3333333422222221,0.5
qwen,general_task_aware,DETAIL_HEAVY,needed,ACTION_OUTCOME,3,1.9999999656405976e-08,0.5
qwen,general_task_aware,DETAIL_HEAVY,needed,ACTION_OUTCOME,4,1.9999999656405976e-08,0.5
qwen,general_task_aware,DETAIL_HEAVY,needed,ACTION_OUTCOME,5,1.9999999656405976e-08,0.5
qwen,general_task_aware,DETAIL_HEAVY,needed,ACTION_OUTCOME,6,1.9999999656405976e-08,0.5
qwen,general_task_aware,DETAIL_HEAVY,needed,API_SCHEMA_OR_PARAMETER,0,0.0,1.0
qwen,general_task_aware,DETAIL_HEAVY,needed,API_SCHEMA_OR_PARAMETER,1,0.07142858071428548,0.9285714285714286
qwen,general_task_aware,DETAIL_HEAVY,needed,API_SCHEMA_OR_PARAMETER,2,1.0769230729401613e-08,0.9285714285714286
qwen,general_task_aware,DETAIL_HEAVY,needed,API_SCHEMA_OR_PARAMETER,3,1.0769230729401613e-08,0.9285714285714286
qwen,general_task_aware,DETAIL_HEAVY,needed,API_SCHEMA_OR_PARAMETER,4,1.0769230729401613e-08,0.9285714285714286
qwen,general_task_aware,DETAIL_HEAVY,needed,API_SCHEMA_OR_PARAMETER,5,1.0769230729401613e-08,0.9285714285714286
qwen,general_task_aware,DETAIL_HEAVY,needed,API_SCHEMA_OR_PARAMETER,6,1.0769230729401613e-08,0.9285714285714286
qwen,general_task_aware,DETAIL_HEAVY,needed,AUTH_OR_ACCESS_TOKEN,0,0.0,1.0
qwen,general_task_aware,DETAIL_HEAVY,needed,AUTH_OR_ACCESS_TOKEN,1,9.999999828202988e-09,1.0
qwen,general_task_aware,DETAIL_HEAVY,needed,AUTH_OR_ACCESS_TOKEN,2,0.05000000949999994,0.95
qwen,general_task_aware,DETAIL_HEAVY,needed,AUTH_OR_ACCESS_TOKEN,3,1.0526315707970468e-08,0.95
qwen,general_task_aware,DETAIL_HEAVY,needed,AUTH_OR_ACCESS_TOKEN,4,1.0526315707970468e-08,0.95
qwen,general_task_aware,DETAIL_HEAVY,needed,AUTH_OR_ACCESS_TOKEN,5,1.0526315707970468e-08,0.95
qwen,general_task_aware,DETAIL_HEAVY,needed,AUTH_OR_ACCESS_TOKEN,6,1.0526315707970468e-08,0.95
qwen,general_task_aware,DETAIL_HEAVY,needed,COMPLETED_SUBTASK,0,0.0,1.0
qwen,general_task_aware,DETAIL_HEAVY,needed,COMPLETED_SUBTASK,1,9.999999828202988e-09,1.0
qwen,general_task_aware,DETAIL_HEAVY,needed,COMPLETED_SUBTASK,2,0.3333333399999999,0.6666666666666666
qwen,general_task_aware,DETAIL_HEAVY,needed,COMPLETED_SUBTASK,3,-0.49999997750000036,1.0
qwen,general_task_aware,DETAIL_HEAVY,needed,COMPLETED_SUBTASK,4,0.3333333399999999,0.6666666666666666
qwen,general_task_aware,DETAIL_HEAVY,needed,COMPLETED_SUBTASK,5,1.4999999797815633e-08,0.6666666666666666
qwen,general_task_aware,DETAIL_HEAVY,needed,COMPLETED_SUBTASK,6,0.5000000075,0.3333333333333333
qwen,general_task_aware,DETAIL_HEAVY,needed,ENVIRONMENT_STATE,0,0.0,1.0
qwen,general_task_aware,DETAIL_HEAVY,needed,ENVIRONMENT_STATE,1,9.999999828202988e-09,1.0
qwen,general_task_aware,DETAIL_HEAVY,needed,ENVIRONMENT_STATE,2,9.999999828202988e-09,1.0
qwen,general_task_aware,DETAIL_HEAVY,needed,ENVIRONMENT_STATE,3,9.999999828202988e-09,1.0
qwen,general_task_aware,DETAIL_HEAVY,needed,ENVIRONMENT_STATE,4,9.999999828202988e-09,1.0
qwen,general_task_aware,DETAIL_HEAVY,needed,ENVIRONMENT_STATE,5,9.999999828202988e-09,1.0
qwen,general_task_aware,DETAIL_HEAVY,needed,ENVIRONMENT_STATE,6,9.999999828202988e-09,1.0
qwen,general_task_aware,DETAIL_HEAVY,needed,EXACT_IDENTIFIER,0,0.0,1.0
qwen,general_task_aware,DETAIL_HEAVY,needed,EXACT_IDENTIFIER,1,9.999999828202988e-09,1.0
qwen,general_task_aware,DETAIL_HEAVY,needed,EXACT_IDENTIFIER,2,9.999999828202988e-09,1.0
qwen,general_task_aware,DETAIL_HEAVY,needed,EXACT_IDENTIFIER,3,9.999999828202988e-09,1.0
qwen,general_task_aware,DETAIL_HEAVY,needed,EXACT_IDENTIFIER,4,0.08333334249999991,0.9166666666666666
qwen,general_task_aware,DETAIL_HEAVY,needed,EXACT_IDENTIFIER,5,1.0909090852884162e-08,0.9166666666666666
qwen,general_task_aware,DETAIL_HEAVY,needed,EXACT_IDENTIFIER,6,1.0909090852884162e-08,0.9166666666666666
qwen,general_task_aware,DETAIL_HEAVY,needed,NARRATIVE_PROGRESS,0,0.0,1.0
qwen,general_task_aware,DETAIL_HEAVY,needed,NARRATIVE_PROGRESS,1,0.500000005,0.5
qwen,general_task_aware,DETAIL_HEAVY,needed,NARRATIVE_PROGRESS,2,1.9999999656405976e-08,0.5
qwen,general_task_aware,DETAIL_HEAVY,needed,NARRATIVE_PROGRESS,3,1.9999999656405976e-08,0.5
qwen,general_task_aware,DETAIL_HEAVY,needed,NARRATIVE_PROGRESS,4,1.9999999656405976e-08,0.5
qwen,general_task_aware,DETAIL_HEAVY,needed,NARRATIVE_PROGRESS,5,1.9999999656405976e-08,0.5
qwen,general_task_aware,DETAIL_HEAVY,needed,NARRATIVE_PROGRESS,6,1.9999999656405976e-08,0.5
qwen,general_task_aware,DETAIL_HEAVY,needed,NEGATIVE_EVIDENCE_OR_FAILED_ATTEMPT,0,0.0,1.0
qwen,general_task_aware,DETAIL_HEAVY,needed,NEGATIVE_EVIDENCE_OR_FAILED_ATTEMPT,1,0.3125000068749999,0.6875
qwen,general_task_aware,DETAIL_HEAVY,needed,NEGATIVE_EVIDENCE_OR_FAILED_ATTEMPT,2,0.0909091041322313,0.625
qwen,general_task_aware,DETAIL_HEAVY,needed,NEGATIVE_EVIDENCE_OR_FAILED_ATTEMPT,3,-0.09999998240000019,0.6875
qwen,general_task_aware,DETAIL_HEAVY,needed,NEGATIVE_EVIDENCE_OR_FAILED_ATTEMPT,4,1.4545454396497348e-08,0.6875
qwen,general_task_aware,DETAIL_HEAVY,needed,NEGATIVE_EVIDENCE_OR_FAILED_ATTEMPT,5,1.4545454396497348e-08,0.6875
qwen,general_task_aware,DETAIL_HEAVY,needed,NEGATIVE_EVIDENCE_OR_FAILED_ATTEMPT,6,1.4545454396497348e-08,0.6875
qwen,general_task_aware,DETAIL_HEAVY,needed,NUMERIC_OR_DATE_LITERAL,0,0.16666666666666663,0.8333333333333334
qwen,general_task_aware,DETAIL_HEAVY,needed,NUMERIC_OR_DATE_LITERAL,1,-0.1999999856000001,1.0
qwen,general_task_aware,DETAIL_HEAVY,needed,NUMERIC_OR_DATE_LITERAL,2,0.16666667499999988,0.8333333333333334
qwen,general_task_aware,DETAIL_HEAVY,needed,NUMERIC_OR_DATE_LITERAL,3,0.20000000959999997,0.6666666666666666
qwen,general_task_aware,DETAIL_HEAVY,needed,NUMERIC_OR_DATE_LITERAL,4,-0.24999998125000022,0.8333333333333334
qwen,general_task_aware,DETAIL_HEAVY,needed,NUMERIC_OR_DATE_LITERAL,5,0.20000000959999997,0.6666666666666666
qwen,general_task_aware,DETAIL_HEAVY,needed,NUMERIC_OR_DATE_LITERAL,6,-0.24999998125000022,0.8333333333333334
qwen,general_task_aware,DETAIL_HEAVY,needed,RUNTIME_VARIABLE,0,0.0,1.0
qwen,general_task_aware,DETAIL_HEAVY,needed,RUNTIME_VARIABLE,1,0.1875000081249999,0.8125
qwen,general_task_aware,DETAIL_HEAVY,needed,RUNTIME_VARIABLE,2,0.07692308828402361,0.75
qwen,general_task_aware,DETAIL_HEAVY,needed,RUNTIME_VARIABLE,3,0.0833333455555555,0.6875
qwen,general_task_aware,DETAIL_HEAVY,needed,RUNTIME_VARIABLE,4,0.0909091041322313,0.625
qwen,general_task_aware,DETAIL_HEAVY,needed,RUNTIME_VARIABLE,5,-0.19999998080000014,0.75
qwen,general_task_aware,DETAIL_HEAVY,needed,RUNTIME_VARIABLE,6,1.3333333215292953e-08,0.75
qwen,general_task_aware,FACT_TABLE_ONLY,needed,ACTION_OUTCOME,0,0.0,1.0
qwen,general_task_aware,FACT_TABLE_ONLY,needed,ACTION_OUTCOME,1,0.25000000749999984,0.75
qwen,general_task_aware,FACT_TABLE_ONLY,needed,ACTION_OUTCOME,2,1.3333333215292953e-08,0.75
qwen,general_task_aware,FACT_TABLE_ONLY,needed,ACTION_OUTCOME,3,1.3333333215292953e-08,0.75
qwen,general_task_aware,FACT_TABLE_ONLY,needed,ACTION_OUTCOME,4,1.3333333215292953e-08,0.75
qwen,general_task_aware,FACT_TABLE_ONLY,needed,ACTION_OUTCOME,5,1.3333333215292953e-08,0.75
qwen,general_task_aware,FACT_TABLE_ONLY,needed,ACTION_OUTCOME,6,0.3333333422222221,0.5
qwen,general_task_aware,FACT_TABLE_ONLY,needed,API_SCHEMA_OR_PARAMETER,0,0.0,1.0
qwen,general_task_aware,FACT_TABLE_ONLY,needed,API_SCHEMA_OR_PARAMETER,1,0.07142858071428548,0.9285714285714286
qwen,general_task_aware,FACT_TABLE_ONLY,needed,API_SCHEMA_OR_PARAMETER,2,1.0769230729401613e-08,0.9285714285714286
qwen,general_task_aware,FACT_TABLE_ONLY,needed,API_SCHEMA_OR_PARAMETER,3,1.0769230729401613e-08,0.9285714285714286
qwen,general_task_aware,FACT_TABLE_ONLY,needed,API_SCHEMA_OR_PARAMETER,4,1.0769230729401613e-08,0.9285714285714286
qwen,general_task_aware,FACT_TABLE_ONLY,needed,API_SCHEMA_OR_PARAMETER,5,1.0769230729401613e-08,0.9285714285714286
qwen,general_task_aware,FACT_TABLE_ONLY,needed,API_SCHEMA_OR_PARAMETER,6,1.0769230729401613e-08,0.9285714285714286
qwen,general_task_aware,FACT_TABLE_ONLY,needed,AUTH_OR_ACCESS_TOKEN,0,0.0,1.0
qwen,general_task_aware,FACT_TABLE_ONLY,needed,AUTH_OR_ACCESS_TOKEN,1,0.05000000949999994,0.95
qwen,general_task_aware,FACT_TABLE_ONLY,needed,AUTH_OR_ACCESS_TOKEN,2,0.05263158891966746,0.9
qwen,general_task_aware,FACT_TABLE_ONLY,needed,AUTH_OR_ACCESS_TOKEN,3,0.11111112098765419,0.8
qwen,general_task_aware,FACT_TABLE_ONLY,needed,AUTH_OR_ACCESS_TOKEN,4,0.06250001171874997,0.75
qwen,general_task_aware,FACT_TABLE_ONLY,needed,AUTH_OR_ACCESS_TOKEN,5,1.3333333215292953e-08,0.75
qwen,general_task_aware,FACT_TABLE_ONLY,needed,AUTH_OR_ACCESS_TOKEN,6,1.3333333215292953e-08,0.75
qwen,general_task_aware,FACT_TABLE_ONLY,needed,COMPLETED_SUBTASK,0,0.0,1.0
qwen,general_task_aware,FACT_TABLE_ONLY,needed,COMPLETED_SUBTASK,1,9.999999828202988e-09,1.0
qwen,general_task_aware,FACT_TABLE_ONLY,needed,COMPLETED_SUBTASK,2,0.3333333399999999,0.6666666666666666
qwen,general_task_aware,FACT_TABLE_ONLY,needed,COMPLETED_SUBTASK,3,1.4999999797815633e-08,0.6666666666666666
qwen,general_task_aware,FACT_TABLE_ONLY,needed,COMPLETED_SUBTASK,4,1.4999999797815633e-08,0.6666666666666666
qwen,general_task_aware,FACT_TABLE_ONLY,needed,COMPLETED_SUBTASK,5,1.4999999797815633e-08,0.6666666666666666
qwen,general_task_aware,FACT_TABLE_ONLY,needed,COMPLETED_SUBTASK,6,1.4999999797815633e-08,0.6666666666666666
qwen,general_task_aware,FACT_TABLE_ONLY,needed,ENVIRONMENT_STATE,0,0.0,1.0
qwen,general_task_aware,FACT_TABLE_ONLY,needed,ENVIRONMENT_STATE,1,9.999999828202988e-09,1.0
qwen,general_task_aware,FACT_TABLE_ONLY,needed,ENVIRONMENT_STATE,2,9.999999828202988e-09,1.0
qwen,general_task_aware,FACT_TABLE_ONLY,needed,ENVIRONMENT_STATE,3,9.999999828202988e-09,1.0
qwen,general_task_aware,FACT_TABLE_ONLY,needed,ENVIRONMENT_STATE,4,9.999999828202988e-09,1.0
qwen,general_task_aware,FACT_TABLE_ONLY,needed,ENVIRONMENT_STATE,5,9.999999828202988e-09,1.0
qwen,general_task_aware,FACT_TABLE_ONLY,needed,ENVIRONMENT_STATE,6,9.999999828202988e-09,1.0
qwen,general_task_aware,FACT_TABLE_ONLY,needed,EXACT_IDENTIFIER,0,0.0,1.0
qwen,general_task_aware,FACT_TABLE_ONLY,needed,EXACT_IDENTIFIER,1,9.999999828202988e-09,1.0
qwen,general_task_aware,FACT_TABLE_ONLY,needed,EXACT_IDENTIFIER,2,9.999999828202988e-09,1.0
qwen,general_task_aware,FACT_TABLE_ONLY,needed,EXACT_IDENTIFIER,3,9.999999828202988e-09,1.0
qwen,general_task_aware,FACT_TABLE_ONLY,needed,EXACT_IDENTIFIER,4,9.999999828202988e-09,1.0
qwen,general_task_aware,FACT_TABLE_ONLY,needed,EXACT_IDENTIFIER,5,9.999999828202988e-09,1.0
qwen,general_task_aware,FACT_TABLE_ONLY,needed,EXACT_IDENTIFIER,6,9.999999828202988e-09,1.0
qwen,general_task_aware,FACT_TABLE_ONLY,needed,NARRATIVE_PROGRESS,0,0.0,1.0
qwen,general_task_aware,FACT_TABLE_ONLY,needed,NARRATIVE_PROGRESS,1,0.500000005,0.5
qwen,general_task_aware,FACT_TABLE_ONLY,needed,NARRATIVE_PROGRESS,2,1.9999999656405976e-08,0.5
qwen,general_task_aware,FACT_TABLE_ONLY,needed,NARRATIVE_PROGRESS,3,1.9999999656405976e-08,0.5
qwen,general_task_aware,FACT_TABLE_ONLY,needed,NARRATIVE_PROGRESS,4,1.9999999656405976e-08,0.5
qwen,general_task_aware,FACT_TABLE_ONLY,needed,NARRATIVE_PROGRESS,5,1.9999999656405976e-08,0.5
qwen,general_task_aware,FACT_TABLE_ONLY,needed,NARRATIVE_PROGRESS,6,1.9999999656405976e-08,0.5
qwen,general_task_aware,FACT_TABLE_ONLY,needed,NEGATIVE_EVIDENCE_OR_FAILED_ATTEMPT,0,0.0,1.0
qwen,general_task_aware,FACT_TABLE_ONLY,needed,NEGATIVE_EVIDENCE_OR_FAILED_ATTEMPT,1,9.999999828202988e-09,1.0
qwen,general_task_aware,FACT_TABLE_ONLY,needed,NEGATIVE_EVIDENCE_OR_FAILED_ATTEMPT,2,0.1875000081249999,0.8125
qwen,general_task_aware,FACT_TABLE_ONLY,needed,NEGATIVE_EVIDENCE_OR_FAILED_ATTEMPT,3,-0.0769230636686391,0.875
qwen,general_task_aware,FACT_TABLE_ONLY,needed,NEGATIVE_EVIDENCE_OR_FAILED_ATTEMPT,4,1.142857131153363e-08,0.875
qwen,general_task_aware,FACT_TABLE_ONLY,needed,NEGATIVE_EVIDENCE_OR_FAILED_ATTEMPT,5,0.1428571526530612,0.75
qwen,general_task_aware,FACT_TABLE_ONLY,needed,NEGATIVE_EVIDENCE_OR_FAILED_ATTEMPT,6,-0.16666665111111123,0.875
qwen,general_task_aware,FACT_TABLE_ONLY,needed,NUMERIC_OR_DATE_LITERAL,0,0.0,1.0
qwen,general_task_aware,FACT_TABLE_ONLY,needed,NUMERIC_OR_DATE_LITERAL,1,9.999999828202988e-09,1.0
qwen,general_task_aware,FACT_TABLE_ONLY,needed,NUMERIC_OR_DATE_LITERAL,2,9.999999828202988e-09,1.0
qwen,general_task_aware,FACT_TABLE_ONLY,needed,NUMERIC_OR_DATE_LITERAL,3,0.3333333399999999,0.6666666666666666
qwen,general_task_aware,FACT_TABLE_ONLY,needed,NUMERIC_OR_DATE_LITERAL,4,1.4999999797815633e-08,0.6666666666666666
qwen,general_task_aware,FACT_TABLE_ONLY,needed,NUMERIC_OR_DATE_LITERAL,5,-0.49999997750000036,1.0
qwen,general_task_aware,FACT_TABLE_ONLY,needed,NUMERIC_OR_DATE_LITERAL,6,0.16666667499999988,0.8333333333333334
qwen,general_task_aware,FACT_TABLE_ONLY,needed,RUNTIME_VARIABLE,0,0.0625,0.9375
qwen,general_task_aware,FACT_TABLE_ONLY,needed,RUNTIME_VARIABLE,1,1.0666666661052204e-08,0.9375
qwen,general_task_aware,FACT_TABLE_ONLY,needed,RUNTIME_VARIABLE,2,1.0666666661052204e-08,0.9375
qwen,general_task_aware,FACT_TABLE_ONLY,needed,RUNTIME_VARIABLE,3,1.0666666661052204e-08,0.9375
qwen,general_task_aware,FACT_TABLE_ONLY,needed,RUNTIME_VARIABLE,4,1.0666666661052204e-08,0.9375
qwen,general_task_aware,FACT_TABLE_ONLY,needed,RUNTIME_VARIABLE,5,0.06666667662222214,0.875
qwen,general_task_aware,FACT_TABLE_ONLY,needed,RUNTIME_VARIABLE,6,1.142857131153363e-08,0.875
qwen,general_task_aware,NARRATIVE_HEAVY,needed,ACTION_OUTCOME,0,0.0,1.0
qwen,general_task_aware,NARRATIVE_HEAVY,needed,ACTION_OUTCOME,1,0.25000000749999984,0.75
qwen,general_task_aware,NARRATIVE_HEAVY,needed,ACTION_OUTCOME,2,1.3333333215292953e-08,0.75
qwen,general_task_aware,NARRATIVE_HEAVY,needed,ACTION_OUTCOME,3,0.3333333422222221,0.5
qwen,general_task_aware,NARRATIVE_HEAVY,needed,ACTION_OUTCOME,4,-0.4999999700000004,0.75
qwen,general_task_aware,NARRATIVE_HEAVY,needed,ACTION_OUTCOME,5,1.3333333215292953e-08,0.75
qwen,general_task_aware,NARRATIVE_HEAVY,needed,ACTION_OUTCOME,6,1.3333333215292953e-08,0.75
qwen,general_task_aware,NARRATIVE_HEAVY,needed,API_SCHEMA_OR_PARAMETER,0,0.1428571428571429,0.8571428571428571
qwen,general_task_aware,NARRATIVE_HEAVY,needed,API_SCHEMA_OR_PARAMETER,1,0.5833333381944443,0.35714285714285715
qwen,general_task_aware,NARRATIVE_HEAVY,needed,API_SCHEMA_OR_PARAMETER,2,2.799999920810592e-08,0.35714285714285715
qwen,general_task_aware,NARRATIVE_HEAVY,needed,API_SCHEMA_OR_PARAMETER,3,2.799999920810592e-08,0.35714285714285715
qwen,general_task_aware,NARRATIVE_HEAVY,needed,API_SCHEMA_OR_PARAMETER,4,2.799999920810592e-08,0.35714285714285715
qwen,general_task_aware,NARRATIVE_HEAVY,needed,API_SCHEMA_OR_PARAMETER,5,2.799999920810592e-08,0.35714285714285715
qwen,general_task_aware,NARRATIVE_HEAVY,needed,API_SCHEMA_OR_PARAMETER,6,2.799999920810592e-08,0.35714285714285715
qwen,general_task_aware,NARRATIVE_HEAVY,needed,AUTH_OR_ACCESS_TOKEN,0,0.44999999999999996,0.55
qwen,general_task_aware,NARRATIVE_HEAVY,needed,AUTH_OR_ACCESS_TOKEN,1,0.3636363752066115,0.35
qwen,general_task_aware,NARRATIVE_HEAVY,needed,AUTH_OR_ACCESS_TOKEN,2,2.8571427779233716e-08,0.35
qwen,general_task_aware,NARRATIVE_HEAVY,needed,AUTH_OR_ACCESS_TOKEN,3,2.8571427779233716e-08,0.35
qwen,general_task_aware,NARRATIVE_HEAVY,needed,AUTH_OR_ACCESS_TOKEN,4,2.8571427779233716e-08,0.35
qwen,general_task_aware,NARRATIVE_HEAVY,needed,AUTH_OR_ACCESS_TOKEN,5,2.8571427779233716e-08,0.35
qwen,general_task_aware,NARRATIVE_HEAVY,needed,AUTH_OR_ACCESS_TOKEN,6,2.8571427779233716e-08,0.35
qwen,general_task_aware,NARRATIVE_HEAVY,needed,COMPLETED_SUBTASK,0,0.33333333333333337,0.6666666666666666
qwen,general_task_aware,NARRATIVE_HEAVY,needed,COMPLETED_SUBTASK,1,1.4999999797815633e-08,0.6666666666666666
qwen,general_task_aware,NARRATIVE_HEAVY,needed,COMPLETED_SUBTASK,2,0.5000000075,0.3333333333333333
qwen,general_task_aware,NARRATIVE_HEAVY,needed,COMPLETED_SUBTASK,3,2.9999999040519754e-08,0.3333333333333333
qwen,general_task_aware,NARRATIVE_HEAVY,needed,COMPLETED_SUBTASK,4,-0.9999999400000019,0.6666666666666666
qwen,general_task_aware,NARRATIVE_HEAVY,needed,COMPLETED_SUBTASK,5,0.5000000075,0.3333333333333333
qwen,general_task_aware,NARRATIVE_HEAVY,needed,COMPLETED_SUBTASK,6,-0.9999999400000019,0.6666666666666666
qwen,general_task_aware,NARRATIVE_HEAVY,needed,ENVIRONMENT_STATE,0,0.0,1.0
qwen,general_task_aware,NARRATIVE_HEAVY,needed,ENVIRONMENT_STATE,1,9.999999828202988e-09,1.0
qwen,general_task_aware,NARRATIVE_HEAVY,needed,ENVIRONMENT_STATE,2,9.999999828202988e-09,1.0
qwen,general_task_aware,NARRATIVE_HEAVY,needed,ENVIRONMENT_STATE,3,9.999999828202988e-09,1.0
qwen,general_task_aware,NARRATIVE_HEAVY,needed,ENVIRONMENT_STATE,4,9.999999828202988e-09,1.0
qwen,general_task_aware,NARRATIVE_HEAVY,needed,ENVIRONMENT_STATE,5,9.999999828202988e-09,1.0
qwen,general_task_aware,NARRATIVE_HEAVY,needed,ENVIRONMENT_STATE,6,9.999999828202988e-09,1.0
qwen,general_task_aware,NARRATIVE_HEAVY,needed,EXACT_IDENTIFIER,0,0.16666666666666663,0.8333333333333334
qwen,general_task_aware,NARRATIVE_HEAVY,needed,EXACT_IDENTIFIER,1,1.1999999882661427e-08,0.8333333333333334
qwen,general_task_aware,NARRATIVE_HEAVY,needed,EXACT_IDENTIFIER,2,1.1999999882661427e-08,0.8333333333333334
qwen,general_task_aware,NARRATIVE_HEAVY,needed,EXACT_IDENTIFIER,3,0.20000000959999997,0.6666666666666666
qwen,general_task_aware,NARRATIVE_HEAVY,needed,EXACT_IDENTIFIER,4,-0.12499998312500016,0.75
qwen,general_task_aware,NARRATIVE_HEAVY,needed,EXACT_IDENTIFIER,5,1.3333333215292953e-08,0.75
qwen,general_task_aware,NARRATIVE_HEAVY,needed,EXACT_IDENTIFIER,6,0.11111112296296288,0.6666666666666666
qwen,general_task_aware,NARRATIVE_HEAVY,needed,NARRATIVE_PROGRESS,0,0.5,0.5
qwen,general_task_aware,NARRATIVE_HEAVY,needed,NARRATIVE_PROGRESS,1,1.0,0.0
qwen,general_task_aware,NARRATIVE_HEAVY,needed,NARRATIVE_PROGRESS,2,,0.0
qwen,general_task_aware,NARRATIVE_HEAVY,needed,NARRATIVE_PROGRESS,3,,0.0
qwen,general_task_aware,NARRATIVE_HEAVY,needed,NARRATIVE_PROGRESS,4,,0.0
qwen,general_task_aware,NARRATIVE_HEAVY,needed,NARRATIVE_PROGRESS,5,,0.0
qwen,general_task_aware,NARRATIVE_HEAVY,needed,NARRATIVE_PROGRESS,6,,0.0
qwen,general_task_aware,NARRATIVE_HEAVY,needed,NEGATIVE_EVIDENCE_OR_FAILED_ATTEMPT,0,0.375,0.625
qwen,general_task_aware,NARRATIVE_HEAVY,needed,NEGATIVE_EVIDENCE_OR_FAILED_ATTEMPT,1,0.6000000064,0.25
qwen,general_task_aware,NARRATIVE_HEAVY,needed,NEGATIVE_EVIDENCE_OR_FAILED_ATTEMPT,2,0.2500000299999988,0.1875
qwen,general_task_aware,NARRATIVE_HEAVY,needed,NEGATIVE_EVIDENCE_OR_FAILED_ATTEMPT,3,5.333333041868116e-08,0.1875
qwen,general_task_aware,NARRATIVE_HEAVY,needed,NEGATIVE_EVIDENCE_OR_FAILED_ATTEMPT,4,5.333333041868116e-08,0.1875
qwen,general_task_aware,NARRATIVE_HEAVY,needed,NEGATIVE_EVIDENCE_OR_FAILED_ATTEMPT,5,5.333333041868116e-08,0.1875
qwen,general_task_aware,NARRATIVE_HEAVY,needed,NEGATIVE_EVIDENCE_OR_FAILED_ATTEMPT,6,5.333333041868116e-08,0.1875
qwen,general_task_aware,NARRATIVE_HEAVY,needed,NUMERIC_OR_DATE_LITERAL,0,0.16666666666666663,0.8333333333333334
qwen,general_task_aware,NARRATIVE_HEAVY,needed,NUMERIC_OR_DATE_LITERAL,1,1.1999999882661427e-08,0.8333333333333334
qwen,general_task_aware,NARRATIVE_HEAVY,needed,NUMERIC_OR_DATE_LITERAL,2,0.20000000959999997,0.6666666666666666
qwen,general_task_aware,NARRATIVE_HEAVY,needed,NUMERIC_OR_DATE_LITERAL,3,1.4999999797815633e-08,0.6666666666666666
qwen,general_task_aware,NARRATIVE_HEAVY,needed,NUMERIC_OR_DATE_LITERAL,4,1.4999999797815633e-08,0.6666666666666666
qwen,general_task_aware,NARRATIVE_HEAVY,needed,NUMERIC_OR_DATE_LITERAL,5,1.4999999797815633e-08,0.6666666666666666
qwen,general_task_aware,NARRATIVE_HEAVY,needed,NUMERIC_OR_DATE_LITERAL,6,1.4999999797815633e-08,0.6666666666666666
qwen,general_task_aware,NARRATIVE_HEAVY,needed,RUNTIME_VARIABLE,0,0.3125,0.6875
qwen,general_task_aware,NARRATIVE_HEAVY,needed,RUNTIME_VARIABLE,1,0.272727283305785,0.5
qwen,general_task_aware,NARRATIVE_HEAVY,needed,RUNTIME_VARIABLE,2,0.12500001749999978,0.4375
qwen,general_task_aware,NARRATIVE_HEAVY,needed,RUNTIME_VARIABLE,3,-0.28571425632653136,0.5625
qwen,general_task_aware,NARRATIVE_HEAVY,needed,RUNTIME_VARIABLE,4,0.11111112691358005,0.5
qwen,general_task_aware,NARRATIVE_HEAVY,needed,RUNTIME_VARIABLE,5,1.9999999656405976e-08,0.5
qwen,general_task_aware,NARRATIVE_HEAVY,needed,RUNTIME_VARIABLE,6,1.9999999656405976e-08,0.5
qwen,general_task_aware,RAW_FULL,needed,ACTION_OUTCOME,0,0.0,1.0
qwen,general_task_aware,RAW_FULL,needed,ACTION_OUTCOME,1,0.2307692384615383,0.7692307692307693
qwen,general_task_aware,RAW_FULL,needed,ACTION_OUTCOME,2,0.3000000091,0.5384615384615384
qwen,general_task_aware,RAW_FULL,needed,ACTION_OUTCOME,3,-0.14285712163265352,0.6153846153846154
qwen,general_task_aware,RAW_FULL,needed,ACTION_OUTCOME,4,0.12500001421874996,0.5384615384615384
qwen,general_task_aware,RAW_FULL,needed,ACTION_OUTCOME,5,1.8571428284097635e-08,0.5384615384615384
qwen,general_task_aware,RAW_FULL,needed,ACTION_OUTCOME,6,1.8571428284097635e-08,0.5384615384615384
qwen,general_task_aware,RAW_FULL,needed,API_SCHEMA_OR_PARAMETER,0,0.024390243902439046,0.975609756097561
qwen,general_task_aware,RAW_FULL,needed,API_SCHEMA_OR_PARAMETER,1,0.42500000589374987,0.5609756097560976
qwen,general_task_aware,RAW_FULL,needed,API_SCHEMA_OR_PARAMETER,2,0.13043479810964076,0.4878048780487805
qwen,general_task_aware,RAW_FULL,needed,API_SCHEMA_OR_PARAMETER,3,2.049999958675386e-08,0.4878048780487805
qwen,general_task_aware,RAW_FULL,needed,API_SCHEMA_OR_PARAMETER,4,2.049999958675386e-08,0.4878048780487805
qwen,general_task_aware,RAW_FULL,needed,API_SCHEMA_OR_PARAMETER,5,2.049999958675386e-08,0.4878048780487805
qwen,general_task_aware,RAW_FULL,needed,API_SCHEMA_OR_PARAMETER,6,2.049999958675386e-08,0.4878048780487805
qwen,general_task_aware,RAW_FULL,needed,AUTH_OR_ACCESS_TOKEN,0,0.0,1.0
qwen,general_task_aware,RAW_FULL,needed,AUTH_OR_ACCESS_TOKEN,1,0.44000000559999985,0.56
qwen,general_task_aware,RAW_FULL,needed,AUTH_OR_ACCESS_TOKEN,2,0.14285715816326527,0.48
qwen,general_task_aware,RAW_FULL,needed,AUTH_OR_ACCESS_TOKEN,3,2.0833332836645013e-08,0.48
qwen,general_task_aware,RAW_FULL,needed,AUTH_OR_ACCESS_TOKEN,4,2.0833332836645013e-08,0.48
qwen,general_task_aware,RAW_FULL,needed,AUTH_OR_ACCESS_TOKEN,5,2.0833332836645013e-08,0.48
qwen,general_task_aware,RAW_FULL,needed,AUTH_OR_ACCESS_TOKEN,6,2.0833332836645013e-08,0.48
qwen,general_task_aware,RAW_FULL,needed,COMPLETED_SUBTASK,0,0.0,1.0
qwen,general_task_aware,RAW_FULL,needed,COMPLETED_SUBTASK,1,0.3333333399999999,0.6666666666666666
qwen,general_task_aware,RAW_FULL,needed,COMPLETED_SUBTASK,2,1.4999999797815633e-08,0.6666666666666666
qwen,general_task_aware,RAW_FULL,needed,COMPLETED_SUBTASK,3,0.2500000112499998,0.5
qwen,general_task_aware,RAW_FULL,needed,COMPLETED_SUBTASK,4,-0.33333330666666705,0.6666666666666666
qwen,general_task_aware,RAW_FULL,needed,COMPLETED_SUBTASK,5,1.4999999797815633e-08,0.6666666666666666
qwen,general_task_aware,RAW_FULL,needed,COMPLETED_SUBTASK,6,0.2500000112499998,0.5
qwen,general_task_aware,RAW_FULL,needed,ENVIRONMENT_STATE,0,0.0,1.0
qwen,general_task_aware,RAW_FULL,needed,ENVIRONMENT_STATE,1,1.0,0.0
qwen,general_task_aware,RAW_FULL,needed,ENVIRONMENT_STATE,2,,0.0
qwen,general_task_aware,RAW_FULL,needed,ENVIRONMENT_STATE,3,,0.0
qwen,general_task_aware,RAW_FULL,needed,ENVIRONMENT_STATE,4,,0.0
qwen,general_task_aware,RAW_FULL,needed,ENVIRONMENT_STATE,5,,0.0
qwen,general_task_aware,RAW_FULL,needed,ENVIRONMENT_STATE,6,,0.0
qwen,general_task_aware,RAW_FULL,needed,EXACT_IDENTIFIER,0,0.0714285714285714,0.9285714285714286
qwen,general_task_aware,RAW_FULL,needed,EXACT_IDENTIFIER,1,0.11538462491124257,0.8214285714285714
qwen,general_task_aware,RAW_FULL,needed,EXACT_IDENTIFIER,2,0.26086957421550094,0.6071428571428571
qwen,general_task_aware,RAW_FULL,needed,EXACT_IDENTIFIER,3,-0.05882351197231861,0.6428571428571429
qwen,general_task_aware,RAW_FULL,needed,EXACT_IDENTIFIER,4,0.0555555702469136,0.6071428571428571
qwen,general_task_aware,RAW_FULL,needed,EXACT_IDENTIFIER,5,-0.05882351197231861,0.6428571428571429
qwen,general_task_aware,RAW_FULL,needed,EXACT_IDENTIFIER,6,0.0555555702469136,0.6071428571428571
qwen,general_task_aware,RAW_FULL,needed,NARRATIVE_GOAL,0,0.0,1.0
qwen,general_task_aware,RAW_FULL,needed,NARRATIVE_GOAL,1,0.500000005,0.5
qwen,general_task_aware,RAW_FULL,needed,NARRATIVE_GOAL,2,1.9999999656405976e-08,0.5
qwen,general_task_aware,RAW_FULL,needed,NARRATIVE_GOAL,3,1.9999999656405976e-08,0.5
qwen,general_task_aware,RAW_FULL,needed,NARRATIVE_GOAL,4,1.9999999656405976e-08,0.5
qwen,general_task_aware,RAW_FULL,needed,NARRATIVE_GOAL,5,1.9999999656405976e-08,0.5
qwen,general_task_aware,RAW_FULL,needed,NARRATIVE_GOAL,6,1.9999999656405976e-08,0.5
qwen,general_task_aware,RAW_FULL,needed,NARRATIVE_PROGRESS,0,0.16666666666666663,0.8333333333333334
qwen,general_task_aware,RAW_FULL,needed,NARRATIVE_PROGRESS,1,1.0,0.0
qwen,general_task_aware,RAW_FULL,needed,NARRATIVE_PROGRESS,2,,0.16666666666666666
qwen,general_task_aware,RAW_FULL,needed,NARRATIVE_PROGRESS,3,5.999999641570497e-08,0.16666666666666666
qwen,general_task_aware,RAW_FULL,needed,NARRATIVE_PROGRESS,4,5.999999641570497e-08,0.16666666666666666
qwen,general_task_aware,RAW_FULL,needed,NARRATIVE_PROGRESS,5,1.0,0.0
qwen,general_task_aware,RAW_FULL,needed,NARRATIVE_PROGRESS,6,,0.0
qwen,general_task_aware,RAW_FULL,needed,NEGATIVE_EVIDENCE_OR_FAILED_ATTEMPT,0,0.0,1.0
qwen,general_task_aware,RAW_FULL,needed,NEGATIVE_EVIDENCE_OR_FAILED_ATTEMPT,1,0.82500000175,0.175
qwen,general_task_aware,RAW_FULL,needed,NEGATIVE_EVIDENCE_OR_FAILED_ATTEMPT,2,0.14285719183673184,0.15
qwen,general_task_aware,RAW_FULL,needed,NEGATIVE_EVIDENCE_OR_FAILED_ATTEMPT,3,-0.16666658888889407,0.175
qwen,general_task_aware,RAW_FULL,needed,NEGATIVE_EVIDENCE_OR_FAILED_ATTEMPT,4,-0.14285707755102428,0.2
qwen,general_task_aware,RAW_FULL,needed,NEGATIVE_EVIDENCE_OR_FAILED_ATTEMPT,5,0.12500004374999785,0.175
qwen,general_task_aware,RAW_FULL,needed,NEGATIVE_EVIDENCE_OR_FAILED_ATTEMPT,6,0.14285719183673184,0.15
qwen,general_task_aware,RAW_FULL,needed,NUMERIC_OR_DATE_LITERAL,0,0.16666666666666663,0.8333333333333334
qwen,general_task_aware,RAW_FULL,needed,NUMERIC_OR_DATE_LITERAL,1,0.20000000959999997,0.6666666666666666
qwen,general_task_aware,RAW_FULL,needed,NUMERIC_OR_DATE_LITERAL,2,1.4999999797815633e-08,0.6666666666666666
qwen,general_task_aware,RAW_FULL,needed,NUMERIC_OR_DATE_LITERAL,3,1.4999999797815633e-08,0.6666666666666666
qwen,general_task_aware,RAW_FULL,needed,NUMERIC_OR_DATE_LITERAL,4,0.12500001312499975,0.5833333333333334
qwen,general_task_aware,RAW_FULL,needed,NUMERIC_OR_DATE_LITERAL,5,1.7142856911789295e-08,0.5833333333333334
qwen,general_task_aware,RAW_FULL,needed,NUMERIC_OR_DATE_LITERAL,6,-0.1428571232653062,0.6666666666666666
qwen,general_task_aware,RAW_FULL,needed,RUNTIME_VARIABLE,0,0.023809523809523836,0.9761904761904762
qwen,general_task_aware,RAW_FULL,needed,RUNTIME_VARIABLE,1,0.36585366503271854,0.6190476190476191
qwen,general_task_aware,RAW_FULL,needed,RUNTIME_VARIABLE,2,-0.07692305952662726,0.6666666666666666
qwen,general_task_aware,RAW_FULL,needed,RUNTIME_VARIABLE,3,0.17857144089285693,0.5476190476190477
qwen,general_task_aware,RAW_FULL,needed,RUNTIME_VARIABLE,4,-0.0869565018903593,0.5952380952380952
qwen,general_task_aware,RAW_FULL,needed,RUNTIME_VARIABLE,5,0.1200000147839998,0.5238095238095238
qwen,general_task_aware,RAW_FULL,needed,RUNTIME_VARIABLE,6,-0.04545452549586804,0.5476190476190477
qwen,general_task_aware,RAW_FULL,unneeded,ACTION_OUTCOME,0,0.0,1.0
qwen,general_task_aware,RAW_FULL,unneeded,ACTION_OUTCOME,1,0.3333333399999999,0.6666666666666666
qwen,general_task_aware,RAW_FULL,unneeded,ACTION_OUTCOME,2,1.4999999797815633e-08,0.6666666666666666
qwen,general_task_aware,RAW_FULL,unneeded,ACTION_OUTCOME,3,1.4999999797815633e-08,0.6666666666666666
qwen,general_task_aware,RAW_FULL,unneeded,ACTION_OUTCOME,4,1.4999999797815633e-08,0.6666666666666666
qwen,general_task_aware,RAW_FULL,unneeded,ACTION_OUTCOME,5,1.4999999797815633e-08,0.6666666666666666
qwen,general_task_aware,RAW_FULL,unneeded,ACTION_OUTCOME,6,1.4999999797815633e-08,0.6666666666666666
qwen,general_task_aware,RAW_FULL,unneeded,API_SCHEMA_OR_PARAMETER,0,0.03703703703703709,0.9629629629629629
qwen,general_task_aware,RAW_FULL,unneeded,API_SCHEMA_OR_PARAMETER,1,0.6923076955029586,0.2962962962962963
qwen,general_task_aware,RAW_FULL,unneeded,API_SCHEMA_OR_PARAMETER,2,0.2500000253124991,0.2222222222222222
qwen,general_task_aware,RAW_FULL,unneeded,API_SCHEMA_OR_PARAMETER,3,0.16666670416666496,0.18518518518518517
qwen,general_task_aware,RAW_FULL,unneeded,API_SCHEMA_OR_PARAMETER,4,5.399999702948577e-08,0.18518518518518517
qwen,general_task_aware,RAW_FULL,unneeded,API_SCHEMA_OR_PARAMETER,5,5.399999702948577e-08,0.18518518518518517
qwen,general_task_aware,RAW_FULL,unneeded,API_SCHEMA_OR_PARAMETER,6,5.399999702948577e-08,0.18518518518518517
qwen,general_task_aware,RAW_FULL,unneeded,AUTH_OR_ACCESS_TOKEN,0,0.0,1.0
qwen,general_task_aware,RAW_FULL,unneeded,AUTH_OR_ACCESS_TOKEN,1,0.600000004,0.4
qwen,general_task_aware,RAW_FULL,unneeded,AUTH_OR_ACCESS_TOKEN,2,0.16666668749999958,0.3333333333333333
qwen,general_task_aware,RAW_FULL,unneeded,AUTH_OR_ACCESS_TOKEN,3,0.20000002399999928,0.26666666666666666
qwen,general_task_aware,RAW_FULL,unneeded,AUTH_OR_ACCESS_TOKEN,4,3.749999855084951e-08,0.26666666666666666
qwen,general_task_aware,RAW_FULL,unneeded,AUTH_OR_ACCESS_TOKEN,5,3.749999855084951e-08,0.26666666666666666
qwen,general_task_aware,RAW_FULL,unneeded,AUTH_OR_ACCESS_TOKEN,6,3.749999855084951e-08,0.26666666666666666
qwen,general_task_aware,RAW_FULL,unneeded,COMPLETED_SUBTASK,0,0.0,1.0
qwen,general_task_aware,RAW_FULL,unneeded,COMPLETED_SUBTASK,1,0.6666666699999999,0.3333333333333333
qwen,general_task_aware,RAW_FULL,unneeded,COMPLETED_SUBTASK,2,2.9999999040519754e-08,0.3333333333333333
qwen,general_task_aware,RAW_FULL,unneeded,COMPLETED_SUBTASK,3,2.9999999040519754e-08,0.3333333333333333
qwen,general_task_aware,RAW_FULL,unneeded,COMPLETED_SUBTASK,4,2.9999999040519754e-08,0.3333333333333333
qwen,general_task_aware,RAW_FULL,unneeded,COMPLETED_SUBTASK,5,2.9999999040519754e-08,0.3333333333333333
qwen,general_task_aware,RAW_FULL,unneeded,COMPLETED_SUBTASK,6,2.9999999040519754e-08,0.3333333333333333
qwen,general_task_aware,RAW_FULL,unneeded,ENVIRONMENT_STATE,0,0.0,1.0
qwen,general_task_aware,RAW_FULL,unneeded,ENVIRONMENT_STATE,1,1.0,0.0
qwen,general_task_aware,RAW_FULL,unneeded,ENVIRONMENT_STATE,2,,0.0
qwen,general_task_aware,RAW_FULL,unneeded,ENVIRONMENT_STATE,3,,0.0
qwen,general_task_aware,RAW_FULL,unneeded,ENVIRONMENT_STATE,4,,0.0
qwen,general_task_aware,RAW_FULL,unneeded,ENVIRONMENT_STATE,5,,0.0
qwen,general_task_aware,RAW_FULL,unneeded,ENVIRONMENT_STATE,6,,0.0
qwen,general_task_aware,RAW_FULL,unneeded,EXACT_IDENTIFIER,0,0.0625,0.9375
qwen,general_task_aware,RAW_FULL,unneeded,EXACT_IDENTIFIER,1,0.2666666744888888,0.6875
qwen,general_task_aware,RAW_FULL,unneeded,EXACT_IDENTIFIER,2,0.1818181937190082,0.5625
qwen,general_task_aware,RAW_FULL,unneeded,EXACT_IDENTIFIER,3,0.22222223604938252,0.4375
qwen,general_task_aware,RAW_FULL,unneeded,EXACT_IDENTIFIER,4,2.2857142290000354e-08,0.4375
qwen,general_task_aware,RAW_FULL,unneeded,EXACT_IDENTIFIER,5,0.14285716244897917,0.375
qwen,general_task_aware,RAW_FULL,unneeded,EXACT_IDENTIFIER,6,2.6666665986496696e-08,0.375
qwen,general_task_aware,RAW_FULL,unneeded,NARRATIVE_GOAL,0,0.0,1.0
qwen,general_task_aware,RAW_FULL,unneeded,NARRATIVE_GOAL,1,0.500000005,0.5
qwen,general_task_aware,RAW_FULL,unneeded,NARRATIVE_GOAL,2,1.9999999656405976e-08,0.5
qwen,general_task_aware,RAW_FULL,unneeded,NARRATIVE_GOAL,3,1.9999999656405976e-08,0.5
qwen,general_task_aware,RAW_FULL,unneeded,NARRATIVE_GOAL,4,1.9999999656405976e-08,0.5
qwen,general_task_aware,RAW_FULL,unneeded,NARRATIVE_GOAL,5,1.9999999656405976e-08,0.5
qwen,general_task_aware,RAW_FULL,unneeded,NARRATIVE_GOAL,6,1.9999999656405976e-08,0.5
qwen,general_task_aware,RAW_FULL,unneeded,NARRATIVE_PROGRESS,0,0.25,0.75
qwen,general_task_aware,RAW_FULL,unneeded,NARRATIVE_PROGRESS,1,1.0,0.0
qwen,general_task_aware,RAW_FULL,unneeded,NARRATIVE_PROGRESS,2,,0.0
qwen,general_task_aware,RAW_FULL,unneeded,NARRATIVE_PROGRESS,3,,0.0
qwen,general_task_aware,RAW_FULL,unneeded,NARRATIVE_PROGRESS,4,,0.0
qwen,general_task_aware,RAW_FULL,unneeded,NARRATIVE_PROGRESS,5,,0.0
qwen,general_task_aware,RAW_FULL,unneeded,NARRATIVE_PROGRESS,6,,0.0
qwen,general_task_aware,RAW_FULL,unneeded,NEGATIVE_EVIDENCE_OR_FAILED_ATTEMPT,0,0.0,1.0
qwen,general_task_aware,RAW_FULL,unneeded,NEGATIVE_EVIDENCE_OR_FAILED_ATTEMPT,1,0.95833333375,0.041666666666666664
qwen,general_task_aware,RAW_FULL,unneeded,NEGATIVE_EVIDENCE_OR_FAILED_ATTEMPT,2,2.399999424751442e-07,0.041666666666666664
qwen,general_task_aware,RAW_FULL,unneeded,NEGATIVE_EVIDENCE_OR_FAILED_ATTEMPT,3,2.399999424751442e-07,0.041666666666666664
qwen,general_task_aware,RAW_FULL,unneeded,NEGATIVE_EVIDENCE_OR_FAILED_ATTEMPT,4,2.399999424751442e-07,0.041666666666666664
qwen,general_task_aware,RAW_FULL,unneeded,NEGATIVE_EVIDENCE_OR_FAILED_ATTEMPT,5,2.399999424751442e-07,0.041666666666666664
qwen,general_task_aware,RAW_FULL,unneeded,NEGATIVE_EVIDENCE_OR_FAILED_ATTEMPT,6,2.399999424751442e-07,0.041666666666666664
qwen,general_task_aware,RAW_FULL,unneeded,NUMERIC_OR_DATE_LITERAL,0,0.16666666666666663,0.8333333333333334
qwen,general_task_aware,RAW_FULL,unneeded,NUMERIC_OR_DATE_LITERAL,1,1.1999999882661427e-08,0.8333333333333334
qwen,general_task_aware,RAW_FULL,unneeded,NUMERIC_OR_DATE_LITERAL,2,0.40000000719999995,0.5
qwen,general_task_aware,RAW_FULL,unneeded,NUMERIC_OR_DATE_LITERAL,3,1.9999999656405976e-08,0.5
qwen,general_task_aware,RAW_FULL,unneeded,NUMERIC_OR_DATE_LITERAL,4,1.9999999656405976e-08,0.5
qwen,general_task_aware,RAW_FULL,unneeded,NUMERIC_OR_DATE_LITERAL,5,1.9999999656405976e-08,0.5
qwen,general_task_aware,RAW_FULL,unneeded,NUMERIC_OR_DATE_LITERAL,6,1.9999999656405976e-08,0.5
qwen,general_task_aware,RAW_FULL,unneeded,RUNTIME_VARIABLE,0,0.038461538461538436,0.9615384615384616
qwen,general_task_aware,RAW_FULL,unneeded,RUNTIME_VARIABLE,1,0.48000000540800003,0.5
qwen,general_task_aware,RAW_FULL,unneeded,RUNTIME_VARIABLE,2,0.07692309538461506,0.46153846153846156
qwen,general_task_aware,RAW_FULL,unneeded,RUNTIME_VARIABLE,3,0.08333335319444402,0.4230769230769231
qwen,general_task_aware,RAW_FULL,unneeded,RUNTIME_VARIABLE,4,2.363636308899686e-08,0.4230769230769231
qwen,general_task_aware,RAW_FULL,unneeded,RUNTIME_VARIABLE,5,0.09090911239669364,0.38461538461538464
qwen,general_task_aware,RAW_FULL,unneeded,RUNTIME_VARIABLE,6,2.5999999264669782e-08,0.38461538461538464
